protein,particle,relationship_type,subtype
APOB,Chylomicron,COMPONENT_OF,structural
APOB,VLDL,COMPONENT_OF,structural
APOB,IDL,COMPONENT_OF,structural
APOB,LDL,COMPONENT_OF,structural
APOB,Lp(a),COMPONENT_OF,structural
APOA1,Chylomicron,COMPONENT_OF,exchangeable
APOA1,HDL,COMPONENT_OF,structural
APOA2,HDL,COMPONENT_OF,structural
APOA4,Chylomicron,COMPONENT_OF,exchangeable
APOA4,HDL,COMPONENT_OF,exchangeable
APOC1,VLDL,COMPONENT_OF,exchangeable
APOC1,HDL,COMPONENT_OF,exchangeable
APOC2,Chylomicron,COMPONENT_OF,exchangeable
APOC2,VLDL,COMPONENT_OF,exchangeable
APOC2,HDL,COMPONENT_OF,exchangeable
APOC3,Chylomicron,COMPONENT_OF,exchangeable
APOC3,VLDL,COMPONENT_OF,exchangeable
APOC3,HDL,COMPONENT_OF,exchangeable
APOE,Chylomicron,COMPONENT_OF,exchangeable
APOE,VLDL,COMPONENT_OF,exchangeable
APOE,IDL,COMPONENT_OF,exchangeable
APOE,HDL,COMPONENT_OF,exchangeable
APOE,Remnant,COMPONENT_OF,exchangeable
LPA,Lp(a),COMPONENT_OF,structural
ABCA1,HDL,COMPONENT_OF,assembly
LCAT,HDL,COMPONENT_OF,modification
CETP,HDL,COMPONENT_OF,modification
CETP,VLDL,COMPONENT_OF,modification
CETP,LDL,COMPONENT_OF,modification
PLTP,HDL,COMPONENT_OF,modification
PLTP,VLDL,COMPONENT_OF,modification
SCARB1,HDL,COMPONENT_OF,receptor
LDLR,LDL,COMPONENT_OF,receptor
LDLR,IDL,COMPONENT_OF,receptor
LDLR,Remnant,COMPONENT_OF,receptor
LRP1,Chylomicron,COMPONENT_OF,receptor
LRP1,Remnant,COMPONENT_OF,receptor
APOA5,Chylomicron,COMPONENT_OF,exchangeable
APOA5,VLDL,COMPONENT_OF,exchangeable
GPIHBP1,Chylomicron,COMPONENT_OF,anchoring
GPIHBP1,VLDL,COMPONENT_OF,anchoring
ANGPTL3,VLDL,COMPONENT_OF,regulator
ANGPTL4,Chylomicron,COMPONENT_OF,regulator
ANGPTL4,VLDL,COMPONENT_OF,regulator
ANGPTL8,VLDL,COMPONENT_OF,regulator
APOH,VLDL,COMPONENT_OF,exchangeable
SAA1,HDL,COMPONENT_OF,exchangeable
APOM,HDL,COMPONENT_OF,structural
LPL,Chylomicron,MODIFIES,hydrolysis
LPL,VLDL,MODIFIES,hydrolysis
LIPC,IDL,MODIFIES,hydrolysis
LIPC,HDL,MODIFIES,hydrolysis
LIPC,LDL,MODIFIES,hydrolysis
LCAT,HDL,MODIFIES,esterification
CETP,HDL,MODIFIES,exchange
CETP,VLDL,MODIFIES,exchange
CETP,LDL,MODIFIES,exchange
CETP,IDL,MODIFIES,exchange
PLTP,HDL,MODIFIES,transfer
PLTP,VLDL,MODIFIES,transfer
LIPG,HDL,MODIFIES,hydrolysis
ACAT2,Chylomicron,MODIFIES,esterification
DGAT1,Chylomicron,MODIFIES,esterification
DGAT2,VLDL,MODIFIES,esterification
PCSK9,LDL,MODIFIES,degradation
ANGPTL3,VLDL,MODIFIES,inhibition
ANGPTL3,Chylomicron,MODIFIES,inhibition
ANGPTL4,VLDL,MODIFIES,inhibition
ANGPTL4,Chylomicron,MODIFIES,inhibition
APOC3,Chylomicron,MODIFIES,inhibition
APOC3,VLDL,MODIFIES,inhibition
MTTP,VLDL,ASSEMBLED_BY,lipid loading
APOB,VLDL,ASSEMBLED_BY,scaffold
SAR1B,VLDL,ASSEMBLED_BY,ER export
TM6SF2,VLDL,ASSEMBLED_BY,ER-to-Golgi
MTTP,Chylomicron,ASSEMBLED_BY,lipid loading
APOB,Chylomicron,ASSEMBLED_BY,scaffold
SAR1B,Chylomicron,ASSEMBLED_BY,ER export
LPA,Lp(a),ASSEMBLED_BY,particle coupling
