name,source,mondo_id
Familial Hypercholesterolemia,OMIM,MONDO:0005439
Homozygous Familial Hypercholesterolemia,OMIM,MONDO:0018328
Familial Combined Hyperlipidemia,OMIM,MONDO:0011237
Type III Hyperlipoproteinemia,OMIM,MONDO:0018473
Familial Chylomicronemia Syndrome,OMIM,MONDO:0018637
Hypertriglyceridemia,DisGeNET,MONDO:0005347
Atherosclerotic Cardiovascular Disease,DisGeNET,MONDO:1060134
Metabolic Dysfunction-Associated Steatotic Liver Disease,DisGeNET,MONDO:0013209
Metabolic Syndrome,DisGeNET,MONDO:0011565
Tangier Disease,OMIM,MONDO:0008783
Familial LCAT Deficiency,OMIM,MONDO:0018999
Abetalipoproteinemia,OMIM,MONDO:0008692
Phytosterolemia,OMIM,MONDO:0008863
Elevated Lp(a),OMIM,EFO:0006925
Acute Pancreatitis (Hypertriglyceridemic),DisGeNET,MONDO:0006515
Plaque Rupture,DisGeNET,HP:0031012
Cerebrotendinous Xanthomatosis,Orphanet,MONDO:0008948
Lysosomal Acid Lipase Deficiency,Orphanet,MONDO:0800449
Smith-Lemli-Opitz Syndrome,Orphanet,MONDO:0010035
Congenital Generalized Lipodystrophy,Orphanet,MONDO:0006536
Familial Partial Lipodystrophy,Orphanet,MONDO:0020088
Glycogen Storage Disease Type I,Orphanet,MONDO:0002413
Niemann-Pick Disease Type C,Orphanet,MONDO:0018982
Total cholesterol levels,GWAS_Catalog,EFO_0004574
LDL cholesterol levels,GWAS_Catalog,EFO_0004611
HDL cholesterol levels,GWAS_Catalog,EFO_0004612
Triglyceride levels,GWAS_Catalog,EFO_0004530
