name,kegg_id
ABCA1,hsa:19
ABCG1,hsa:9619
AGER,hsa:177
AKT1,hsa:207
AKT2,hsa:208
AKT3,hsa:10000
APAF1,hsa:317
APOA1,hsa:335
APOA4,hsa:337
APOB,hsa:338
ARHGEF1,hsa:9138
ATF4,hsa:468
ATF6,hsa:22926
BAD,hsa:572
BAX,hsa:581
BCL2,hsa:596
BCL2L1,hsa:598
BID,hsa:637
CALM1,hsa:801
CALM2,hsa:805
CALM3,hsa:808
CALML3,hsa:810
CALML4,hsa:91860
CALML5,hsa:51806
CALML6,hsa:163688
CAMK2A,hsa:815
CAMK2B,hsa:816
CAMK2D,hsa:817
CAMK2G,hsa:818
CASP1,hsa:834
CASP3,hsa:836
CASP6,hsa:839
CASP7,hsa:840
CASP8,hsa:841
CASP9,hsa:842
CCL2,hsa:6347
CCL3,hsa:6348
CCL3L1,hsa:6349
CCL3L3,hsa:414062
CCL5,hsa:6352
CD14,hsa:929
CD36,hsa:948
CD40,hsa:958
CD40LG,hsa:959
CDC42,hsa:998
CHUK,hsa:1147
CXCL1,hsa:2919
CXCL2,hsa:2920
CXCL3,hsa:2921
CXCL8,hsa:3576
CYBA,hsa:1535
CYBB,hsa:1536
CYCS,hsa:54205
CYP1A1,hsa:1543
CYP2A6,hsa:1548
CYP2A7,hsa:1549
CYP2B6,hsa:1555
CYP2C8,hsa:1558
CYP2C9,hsa:1559
CYP2J2,hsa:1573
DDIT3,hsa:1649
EIF2AK3,hsa:9451
EIF2S1,hsa:1965
ERN1,hsa:2081
ERO1A,hsa:30001
FAS,hsa:355
FASLG,hsa:356
FOS,hsa:2353
GSK3B,hsa:2932
HRAS,hsa:3265
HSP90AA1,hsa:3320
HSP90AB1,hsa:3326
HSP90B1,hsa:7184
HSPA1A,hsa:3303
HSPA1B,hsa:3304
HSPA1L,hsa:3305
HSPA2,hsa:3306
HSPA4,hsa:3308
HSPA5,hsa:3309
HSPA6,hsa:3310
HSPA8,hsa:3312
HSPD1,hsa:3329
ICAM1,hsa:3383
IFNA1,hsa:3439
IFNA10,hsa:3446
IFNA13,hsa:3447
IFNA14,hsa:3448
IFNA16,hsa:3449
IFNA17,hsa:3451
IFNA2,hsa:3440
IFNA21,hsa:3452
IFNA4,hsa:3441
IFNA5,hsa:3442
IFNA6,hsa:3443
IFNA7,hsa:3444
IFNA8,hsa:3445
IFNB1,hsa:3456
IKBKB,hsa:3551
IKBKE,hsa:9641
IKBKG,hsa:8517
IL12A,hsa:3592
IL12B,hsa:3593
IL18,hsa:3606
IL1B,hsa:3553
IL6,hsa:3569
IRAK1,hsa:3654
IRAK4,hsa:51135
IRF3,hsa:3661
IRF7,hsa:3665
ITPR1,hsa:3708
JAK2,hsa:3717
JUN,hsa:3725
KRAS,hsa:3845
LBP,hsa:3929
LDLR,hsa:3949
LY96,hsa:23643
LYN,hsa:4067
MAP2K3,hsa:5606
MAP2K4,hsa:6416
MAP2K6,hsa:5608
MAP2K7,hsa:5609
MAP3K5,hsa:4217
MAP3K7,hsa:6885
MAPK1,hsa:5594
MAPK10,hsa:5602
MAPK11,hsa:5600
MAPK12,hsa:6300
MAPK13,hsa:5603
MAPK14,hsa:1432
MAPK3,hsa:5595
MAPK8,hsa:5599
MAPK9,hsa:5601
MIB1,hsa:57534
MIB2,hsa:142678
MMP1,hsa:4312
MMP3,hsa:4314
MMP9,hsa:4318
MYD88,hsa:4615
NCF1,hsa:653361
NCF2,hsa:4688
NCF4,hsa:4689
NFATC1,hsa:4772
NFATC2,hsa:4773
NFATC3,hsa:4775
NFE2L2,hsa:4780
NFKB1,hsa:4790
NFKBIA,hsa:4792
NLRP3,hsa:114548
NOS3,hsa:4846
NOX1,hsa:27035
NRAS,hsa:4893
OLR1,hsa:4973
P3R3URF-PIK3R3,hsa:110117499
PDPK1,hsa:5170
PIK3CA,hsa:5290
PIK3CB,hsa:5291
PIK3CD,hsa:5293
PIK3R1,hsa:5295
PIK3R2,hsa:5296
PIK3R3,hsa:8503
PLCB1,hsa:23236
PLCB2,hsa:5330
PLCB3,hsa:5331
PLCB4,hsa:5332
PLCG1,hsa:5335
POU2F1,hsa:5451
POU2F2,hsa:5452
POU2F3,hsa:25833
PPARG,hsa:5468
PPP3CA,hsa:5530
PPP3CB,hsa:5532
PPP3CC,hsa:5533
PPP3R1,hsa:5534
PPP3R2,hsa:5535
PRKCA,hsa:5578
PTK2,hsa:5747
PYCARD,hsa:29108
RAC1,hsa:5879
RAP1A,hsa:5906
RAP1B,hsa:5908
RELA,hsa:5970
RHOA,hsa:387
ROCK2,hsa:9475
RXRA,hsa:6256
RXRB,hsa:6257
RXRG,hsa:6258
SELE,hsa:6401
SELP,hsa:6403
SOD2,hsa:6648
SRC,hsa:6714
STAT3,hsa:6774
TAB1,hsa:10454
TAB2,hsa:23118
TANK,hsa:10010
TBK1,hsa:29110
TICAM1,hsa:148022
TICAM2,hsa:353376
TIRAP,hsa:114609
TLR2,hsa:7097
TLR4,hsa:7099
TLR6,hsa:10333
TNF,hsa:7124
TNFRSF10A,hsa:8797
TNFRSF10B,hsa:8795
TNFRSF1A,hsa:7132
TNFSF10,hsa:8743
TP53,hsa:7157
TRAF2,hsa:7186
TRAF3,hsa:7187
TRAF6,hsa:7189
VAV1,hsa:7409
VAV2,hsa:7410
VAV3,hsa:10451
VCAM1,hsa:7412
VLDLR,hsa:7436
XBP1,hsa:7494
