name,type,source
ApoA-I,protein,UniProt
ApoA-II,protein,UniProt
ApoB-48,protein,UniProt
ApoB-100,protein,UniProt
ApoC-I,protein,UniProt
ApoC-II,protein,UniProt
ApoC-III,protein,UniProt
ApoE,protein,UniProt
Apo(a),protein,UniProt
LPL,protein,UniProt
HL,protein,UniProt
LCAT,protein,UniProt
EL,protein,UniProt
ACAT,enzyme,UniProt
HMGCR,enzyme,UniProt
LDLR,receptor,UniProt
LRP1,receptor,UniProt
SR-BI,receptor,UniProt
VLDLR,receptor,UniProt
ABCA1,transporter,UniProt
ABCG1,transporter,UniProt
NPC1L1,transporter,UniProt
MTP,protein,UniProt
GPIHBP1,protein,UniProt
PCSK9,protein,UniProt
ANGPTL3,protein,UniProt
ANGPTL4,protein,UniProt
ANGPTL8,protein,UniProt
SREBP-2,transcription_factor,UniProt
LXR,transcription_factor,UniProt
PPAR-alpha,transcription_factor,UniProt
CETP,protein,UniProt
PLTP,protein,UniProt
LSR,receptor,UniProt
HDLBP,protein,UniProt
FDPS,enzyme,UniProt
CH25H,enzyme,UniProt
OSBP,protein,UniProt
STARD5,protein,UniProt
TLR4,receptor,UniProt
NLRP3,sensor,UniProt
CD36,receptor,UniProt
SR-A,receptor,UniProt
NF-kB,transcription_factor,UniProt
IFN-gamma,cytokine,UniProt
TGF-beta,cytokine,UniProt
IL-1beta,cytokine,UniProt
IL-6,cytokine,UniProt
TNF-alpha,cytokine,UniProt
IL-18,cytokine,UniProt
MCP-1,cytokine,UniProt
VCAM-1,adhesion_molecule,UniProt
ICAM-1,adhesion_molecule,UniProt
MMP-9,protease,UniProt
MMP-2,protease,UniProt
IL-10,cytokine,UniProt
Resolvin,lipid_mediator,LIPID MAPS
