gene,in_string_graph,particle,pathway,disease_GWAS,clinvar_variant,n_non_string_layers,string_degree,tier
APOE,1,1,1,1,1,4,151,T2 multi-layer
APOB,1,1,1,1,1,4,117,T2 multi-layer
APOA1,1,1,1,1,1,4,103,T2 multi-layer
SCARB1,1,1,0,1,1,3,100,T2 multi-layer
LPL,1,1,1,1,1,4,84,T2 multi-layer
APOH,1,1,0,0,1,2,70,T2 multi-layer
APOA2,1,1,1,1,1,4,59,T2 multi-layer
APOC3,1,1,1,1,1,4,57,T2 multi-layer
LCAT,1,1,1,1,1,4,54,T2 multi-layer
LIPC,1,1,1,1,1,4,50,T2 multi-layer
APOA5,1,1,1,1,1,4,47,T2 multi-layer
LRP1,1,1,0,0,1,2,46,T2 multi-layer
APOA4,1,1,1,1,1,4,43,T2 multi-layer
CETP,1,1,1,1,1,4,43,T2 multi-layer
APOC2,1,1,1,1,1,4,42,T2 multi-layer
LPA,1,1,1,1,1,4,42,T2 multi-layer
ABCA1,1,1,1,1,1,4,41,T2 multi-layer
PCSK9,1,1,1,1,1,4,35,T2 multi-layer
MTTP,1,1,1,1,1,4,17,T2 multi-layer
ANGPTL3,1,1,1,1,1,4,13,T2 multi-layer
GPIHBP1,1,1,1,1,1,4,12,T2 multi-layer
LDLR,1,1,1,1,1,4,8,T2 multi-layer
HMGCR,1,0,0,1,1,2,70,T2 multi-layer
HMGCS1,1,0,0,1,1,2,53,T2 multi-layer
PLTP,1,1,0,1,0,2,39,T2 multi-layer
LSS,1,0,0,1,1,2,38,T2 multi-layer
APOC1,1,1,1,1,0,3,37,T2 multi-layer
DHCR7,1,0,0,1,1,2,37,T2 multi-layer
FDFT1,1,0,0,1,1,2,37,T2 multi-layer
CYP51A1,1,0,0,1,1,2,34,T2 multi-layer
MVK,1,0,0,1,1,2,28,T2 multi-layer
VLDLR,1,0,1,0,1,2,26,T2 multi-layer
NSDHL,1,0,0,1,1,2,23,T2 multi-layer
ANGPTL4,1,1,1,1,0,3,17,T2 multi-layer
LDLRAP1,1,0,1,1,1,3,11,T2 multi-layer
LMF1,1,0,1,1,1,3,5,T2 multi-layer
EBP,0,0,0,1,1,2,0,T0 not in protein graph
PPARG,1,0,1,1,0,2,169,T2 multi-layer
MMP9,1,0,1,1,0,2,139,T2 multi-layer
CD36,1,0,1,1,0,2,108,T2 multi-layer
MMP2,1,0,0,1,0,1,73,T3 single-layer
CYP7A1,1,0,0,1,0,1,69,T3 single-layer
SQLE,1,0,0,0,1,1,47,T3 single-layer
HMGCS2,1,0,0,0,1,1,43,T3 single-layer
SORT1,1,0,0,1,0,1,42,T3 single-layer
ABCG5,1,0,0,1,0,1,34,T3 single-layer
MSMO1,1,0,0,0,1,1,31,T3 single-layer
DHCR24,1,0,0,1,1,2,29,T2 multi-layer
SC5D,1,0,0,1,1,2,29,T2 multi-layer
ABCG8,1,0,0,1,0,1,27,T3 single-layer
CYP27A1,1,0,0,1,0,1,27,T3 single-layer
LIPG,1,0,1,1,0,2,27,T2 multi-layer
FDPS,1,0,0,0,1,1,25,T3 single-layer
MVD,1,0,0,0,1,1,24,T3 single-layer
NPC1,1,0,1,1,0,2,18,T2 multi-layer
PMVK,1,0,0,0,1,1,16,T3 single-layer
LIPA,1,0,1,1,0,2,15,T2 multi-layer
NPC1L1,1,0,0,1,0,1,15,T3 single-layer
NPC2,1,0,1,1,0,2,9,T2 multi-layer
ANGPTL8,1,1,1,0,0,2,6,T2 multi-layer
SAR1B,1,1,1,1,0,3,5,T2 multi-layer
TM6SF2,0,1,0,1,0,2,0,T0 not in protein graph
CASP3,1,0,1,0,0,1,144,T3 single-layer
PPARA,1,0,0,0,0,0,122,T4 STRING-only
SREBF1,1,0,0,0,0,0,90,T4 STRING-only
DGAT1,1,1,0,1,0,2,70,T2 multi-layer
RXRA,1,0,1,0,0,1,67,T3 single-layer
FASN,1,0,0,0,0,0,60,T4 STRING-only
SREBF2,1,0,0,0,0,0,58,T4 STRING-only
ACACA,1,0,0,0,0,0,56,T4 STRING-only
AGT,1,0,0,0,0,0,56,T4 STRING-only
VDAC1,1,0,0,0,0,0,49,T4 STRING-only
ACACB,1,0,0,0,0,0,46,T4 STRING-only
ACAT2,1,1,0,0,0,1,43,T3 single-layer
SAA1,1,1,0,0,0,1,40,T3 single-layer
DGAT2,1,1,0,0,0,1,34,T3 single-layer
ACE2,1,0,0,0,0,0,33,T4 STRING-only
PNPLA3,1,0,0,1,0,1,32,T3 single-layer
ACE,1,0,0,0,0,0,31,T4 STRING-only
CREB3L3,1,0,1,1,0,2,30,T2 multi-layer
LRP2,1,0,0,0,0,0,29,T4 STRING-only
INSIG1,1,0,0,0,0,0,27,T4 STRING-only
PAFAH2,1,0,0,0,1,1,27,T3 single-layer
SCD,1,0,0,0,0,0,27,T4 STRING-only
IDI1,1,0,0,0,0,0,26,T4 STRING-only
AGPAT2,1,0,0,1,0,1,25,T3 single-layer
FABP1,1,0,0,0,0,0,25,T4 STRING-only
ABCG1,1,0,1,0,0,1,21,T3 single-layer
CYP4A11,1,0,0,0,0,0,21,T4 STRING-only
DAB2,1,0,0,0,0,0,21,T4 STRING-only
G6PC,1,0,0,1,0,1,21,T3 single-layer
CTSG,1,0,0,0,0,0,20,T4 STRING-only
REN,1,0,0,0,0,0,20,T4 STRING-only
ABCB11,1,0,0,0,0,0,18,T4 STRING-only
IDI2,1,0,0,0,0,0,18,T4 STRING-only
STAR,1,0,0,0,0,0,16,T4 STRING-only
LMNA,1,0,0,1,0,1,14,T3 single-layer
LRPAP1,1,0,0,0,0,0,13,T4 STRING-only
INSIG2,1,0,0,0,0,0,12,T4 STRING-only
SCAP,1,0,0,0,0,0,12,T4 STRING-only
SOAT2,1,0,1,0,0,1,12,T3 single-layer
ADH1A,1,0,0,0,0,0,11,T4 STRING-only
ADH1B,1,0,0,0,0,0,11,T4 STRING-only
ADH1C,1,0,0,0,0,0,11,T4 STRING-only
SOAT1,1,0,1,0,0,1,11,T3 single-layer
MYLIP,1,0,1,0,0,1,10,T3 single-layer
ADH4,1,0,0,0,0,0,9,T4 STRING-only
ADH5,1,0,0,0,0,0,9,T4 STRING-only
FADS2,1,0,0,1,0,1,9,T3 single-layer
FABP2,1,0,0,0,0,0,6,T4 STRING-only
STARD3,1,0,0,0,0,0,6,T4 STRING-only
TRIB1,1,0,0,1,0,1,6,T3 single-layer
FADS1,1,0,0,1,0,1,5,T3 single-layer
OSBPL5,1,0,0,0,0,0,4,T4 STRING-only
STARD3NL,1,0,0,0,0,0,4,T4 STRING-only
CIDEB,1,0,0,0,0,0,3,T4 STRING-only
APOBR,1,0,1,0,0,1,2,T3 single-layer
PEPD,1,0,0,0,0,0,2,T4 STRING-only
NIPSNAP3B,1,0,0,0,1,1,1,T3 single-layer
AGTR1,0,0,0,0,0,0,0,T0 not in protein graph
AGTR2,0,0,0,0,0,0,0,T0 not in protein graph
AKAP4,0,0,0,0,1,1,0,T0 not in protein graph
ALDH2,0,0,0,0,0,0,0,T0 not in protein graph
APOA1-AS,0,0,0,0,1,1,0,T0 not in protein graph
APOC4-APOC2,0,0,0,0,1,1,0,T0 not in protein graph
ARH,0,0,0,0,0,0,0,T0 not in protein graph
BDKRB1,0,0,0,0,0,0,0,T0 not in protein graph
BDKRB2,0,0,0,0,0,0,0,T0 not in protein graph
BSCL2,0,0,0,1,0,1,0,T0 not in protein graph
BSND,0,0,0,0,1,1,0,T0 not in protein graph
CILP2,0,0,0,1,0,1,0,T0 not in protein graph
CMA1,0,0,0,0,0,0,0,T0 not in protein graph
CYP4A22,0,0,0,0,0,0,0,T0 not in protein graph
CYP4F11,0,0,0,0,0,0,0,T0 not in protein graph
CYP4F12,0,0,0,0,0,0,0,T0 not in protein graph
CYP4F2,0,0,0,0,0,0,0,T0 not in protein graph
CYP4F22,0,0,0,0,0,0,0,T0 not in protein graph
CYP4F3,0,0,0,0,0,0,0,T0 not in protein graph
CYP4F8,0,0,0,0,0,0,0,T0 not in protein graph
CYP4V2,0,0,0,0,0,0,0,T0 not in protein graph
CYP4Z1,0,0,0,0,0,0,0,T0 not in protein graph
DOCK6,0,0,0,0,1,1,0,T0 not in protein graph
EL (LIPG),0,1,0,0,0,1,0,T0 not in protein graph
GALNT2,0,0,0,1,0,1,0,T0 not in protein graph
GCKR,0,0,0,1,0,1,0,T0 not in protein graph
HGS,0,0,0,0,0,0,0,T0 not in protein graph
IDOL,0,0,0,0,0,0,0,T0 not in protein graph
KLF14,0,0,0,0,0,0,0,T0 not in protein graph
LDLR-AS1,0,0,0,0,1,1,0,T0 not in protein graph
LMF1-AS1,0,0,0,0,1,1,0,T0 not in protein graph
LOC112694753,0,0,0,0,1,1,0,T0 not in protein graph
LOC122094910,0,0,0,0,1,1,0,T0 not in protein graph
LOC126862856,0,0,0,0,1,1,0,T0 not in protein graph
LOC129929773,0,0,0,0,1,1,0,T0 not in protein graph
LOC130001469,0,0,0,0,1,1,0,T0 not in protein graph
LOC130001471,0,0,0,0,1,1,0,T0 not in protein graph
LOC130058141,0,0,0,0,1,1,0,T0 not in protein graph
LOC130066869,0,0,0,0,1,1,0,T0 not in protein graph
LXR,0,0,0,0,0,0,0,T0 not in protein graph
MLXIP,0,0,0,1,0,1,0,T0 not in protein graph
MMAB,0,0,0,0,1,1,0,T0 not in protein graph
NCAN,0,0,0,1,0,1,0,T0 not in protein graph
NCEH1,0,0,1,0,0,1,0,T0 not in protein graph
OSBPL8,0,0,0,0,0,0,0,T0 not in protein graph
SIK3,0,0,0,0,1,1,0,T0 not in protein graph
SLC37A4,0,0,0,1,0,1,0,T0 not in protein graph
STAP1,0,0,0,0,0,0,0,T0 not in protein graph
SUGP1,0,0,0,0,0,0,0,T0 not in protein graph
TSPO,0,0,0,0,0,0,0,T0 not in protein graph
UBASH3B,0,0,0,0,0,0,0,T0 not in protein graph
USF1,0,0,0,1,0,1,0,T0 not in protein graph
VAPA,0,0,0,0,0,0,0,T0 not in protein graph
VAPB,0,0,0,0,0,0,0,T0 not in protein graph
VDAC2,0,0,0,0,0,0,0,T0 not in protein graph
VDAC3,0,0,0,0,0,0,0,T0 not in protein graph
AKT1,1,0,1,0,0,1,435,T3 single-layer
TNF,1,0,1,0,0,1,391,T3 single-layer
IL6,1,0,1,0,0,1,376,T3 single-layer
IL1B,1,0,1,0,0,1,299,T3 single-layer
TP53,1,0,1,0,0,1,296,T3 single-layer
EGFR,1,0,0,0,0,0,287,T4 STRING-only
STAT3,1,0,1,0,0,1,250,T3 single-layer
IFNG,1,0,0,0,0,0,241,T4 STRING-only
SRC,1,0,1,0,0,1,241,T3 single-layer
IL10,1,0,0,0,0,0,230,T4 STRING-only
CD4,1,0,0,0,0,0,214,T4 STRING-only
INS,1,0,0,0,0,0,205,T4 STRING-only
NFKB1,1,0,1,0,0,1,200,T3 single-layer
FN1,1,0,0,0,0,0,191,T4 STRING-only
TLR4,1,0,1,0,0,1,188,T3 single-layer
HSP90AA1,1,0,1,0,0,1,187,T3 single-layer
ALB,1,0,1,0,0,1,185,T3 single-layer
CTNNB1,1,0,0,0,0,0,185,T4 STRING-only
MAPK3,1,0,1,0,0,1,185,T3 single-layer
BCL2,1,0,1,0,0,1,182,T3 single-layer
CXCL8,1,0,1,0,0,1,176,T3 single-layer
MTOR,1,0,0,0,0,0,176,T4 STRING-only
ACTB,1,0,0,0,0,0,174,T4 STRING-only
JUN,1,0,1,0,0,1,172,T3 single-layer
MYC,1,0,0,0,0,0,168,T4 STRING-only
CD8A,1,0,0,0,0,0,167,T4 STRING-only
IL2,1,0,0,0,0,0,167,T4 STRING-only
EP300,1,0,0,0,0,0,164,T4 STRING-only
STAT1,1,0,0,0,0,0,164,T4 STRING-only
GAPDH,1,0,0,0,0,0,163,T4 STRING-only
CD44,1,0,0,0,0,0,161,T4 STRING-only
EGF,1,0,0,0,0,0,160,T4 STRING-only
IL4,1,0,0,0,0,0,158,T4 STRING-only
CCL2,1,0,1,0,0,1,154,T3 single-layer
ERBB2,1,0,0,0,0,0,154,T4 STRING-only
ESR1,1,0,0,0,0,0,154,T4 STRING-only
JAK2,1,0,1,0,0,1,151,T3 single-layer
MAPK1,1,0,1,0,0,1,151,T3 single-layer
HSP90AB1,1,0,1,0,0,1,147,T3 single-layer
RELA,1,0,1,0,0,1,139,T3 single-layer
GRB2,1,0,0,0,0,0,134,T4 STRING-only
APP,1,0,0,0,0,0,133,T4 STRING-only
CSF2,1,0,0,0,0,0,133,T4 STRING-only
TGFB1,1,0,0,0,0,0,132,T4 STRING-only
ITGAM,1,0,0,0,0,0,131,T4 STRING-only
IL1A,1,0,0,0,0,0,130,T4 STRING-only
PTEN,1,0,0,0,0,0,129,T4 STRING-only
TRAF6,1,0,1,0,0,1,128,T3 single-layer
PIK3CA,1,0,1,0,0,1,127,T3 single-layer
PTPRC,1,0,0,0,0,0,127,T4 STRING-only
CREBBP,1,0,0,0,0,0,126,T4 STRING-only
KRAS,1,0,1,0,0,1,125,T3 single-layer
HIF1A,1,0,0,0,0,0,123,T4 STRING-only
PIK3R1,1,0,1,0,0,1,121,T3 single-layer
ICAM1,1,0,1,0,0,1,119,T3 single-layer
RHOA,1,0,1,0,0,1,118,T3 single-layer
TLR2,1,0,1,0,0,1,117,T3 single-layer
CXCR4,1,0,0,0,0,0,116,T4 STRING-only
CCL5,1,0,1,0,0,1,114,T3 single-layer
FOXO1,1,0,0,0,0,0,114,T4 STRING-only
IL13,1,0,0,0,0,0,114,T4 STRING-only
KIT,1,0,0,0,0,0,114,T4 STRING-only
HSPA4,1,0,1,0,0,1,113,T3 single-layer
CD40,1,0,1,0,0,1,112,T3 single-layer
CSF3,1,0,0,0,0,0,112,T4 STRING-only
FOS,1,0,1,0,0,1,112,T3 single-layer
IGF1,1,0,0,0,0,0,112,T4 STRING-only
MYD88,1,0,1,0,0,1,111,T3 single-layer
PRKACA,1,0,1,0,0,1,111,T3 single-layer
CHUK,1,0,1,0,0,1,110,T3 single-layer
JAK1,1,0,0,0,0,0,109,T4 STRING-only
PPARGC1A,1,0,0,0,0,0,109,T4 STRING-only
TNFRSF1A,1,0,1,0,0,1,109,T3 single-layer
GSK3B,1,0,1,0,0,1,108,T3 single-layer
PRKACB,1,0,1,0,0,1,108,T3 single-layer
AKT2,1,0,1,0,0,1,107,T3 single-layer
CXCL10,1,0,0,0,0,0,107,T4 STRING-only
IL17A,1,0,0,0,0,0,107,T4 STRING-only
PTPN11,1,0,0,0,0,0,107,T4 STRING-only
FGF2,1,0,0,0,0,0,106,T4 STRING-only
HDAC1,1,0,0,0,0,0,106,T4 STRING-only
PDGFRB,1,0,0,0,0,0,105,T4 STRING-only
CCND1,1,0,0,0,0,0,104,T4 STRING-only
CCR5,1,0,0,0,0,0,104,T4 STRING-only
CDC42,1,0,1,0,0,1,104,T3 single-layer
IFNA1,1,0,1,0,0,1,104,T3 single-layer
IKBKB,1,0,1,0,0,1,104,T3 single-layer
SIRT1,1,0,0,0,0,0,104,T4 STRING-only
CCR7,1,0,0,0,0,0,103,T4 STRING-only
IFNB1,1,0,1,0,0,1,103,T3 single-layer
KDR,1,0,0,0,0,0,103,T4 STRING-only
PRKACG,1,0,1,0,0,1,103,T3 single-layer
ITGB1,1,0,0,0,0,0,101,T4 STRING-only
NFKBIA,1,0,1,0,0,1,101,T3 single-layer
IGF1R,1,0,0,0,0,0,100,T4 STRING-only
PDGFRA,1,0,0,0,0,0,99,T4 STRING-only
CREB1,1,0,0,0,0,0,98,T4 STRING-only
CXCL12,1,0,0,0,0,0,98,T4 STRING-only
FYN,1,0,0,0,0,0,97,T4 STRING-only
IL15,1,0,0,0,0,0,97,T4 STRING-only
LEP,1,0,0,0,0,0,97,T4 STRING-only
AKT3,1,0,1,0,0,1,96,T3 single-layer
CD19,1,0,0,0,0,0,96,T4 STRING-only
MAPK8,1,0,1,0,0,1,96,T3 single-layer
IKBKG,1,0,1,0,0,1,95,T3 single-layer
IL7,1,0,0,0,0,0,95,T4 STRING-only
FCGR3A,1,0,0,0,0,0,94,T4 STRING-only
H3C12,1,0,0,0,0,0,94,T4 STRING-only
CSF1R,1,0,0,0,0,0,93,T4 STRING-only
JAK3,1,0,0,0,0,0,93,T4 STRING-only
IRS1,1,0,0,0,0,0,92,T4 STRING-only
UBC,1,0,1,0,0,1,92,T3 single-layer
CAV1,1,0,0,0,0,0,91,T4 STRING-only
CD86,1,0,0,0,0,0,91,T4 STRING-only
HRAS,1,0,1,0,0,1,91,T3 single-layer
IL5,1,0,0,0,0,0,91,T4 STRING-only
MET,1,0,0,0,0,0,91,T4 STRING-only
SHC1,1,0,0,0,0,0,91,T4 STRING-only
STAT5A,1,0,0,0,0,0,91,T4 STRING-only
H3C13,1,0,0,0,0,0,90,T4 STRING-only
LYN,1,0,1,0,0,1,90,T3 single-layer
PIK3CB,1,0,1,0,0,1,90,T3 single-layer
PTK2,1,0,1,0,0,1,90,T3 single-layer
CASP8,1,0,1,0,0,1,89,T3 single-layer
CD40LG,1,0,1,0,0,1,88,T3 single-layer
CDH1,1,0,0,0,0,0,87,T4 STRING-only
CRP,1,0,0,0,0,0,87,T4 STRING-only
PTGS2,1,0,0,0,0,0,87,T4 STRING-only
PIK3R2,1,0,1,0,0,1,86,T3 single-layer
SYK,1,0,0,0,0,0,86,T4 STRING-only
TRAF2,1,0,1,0,0,1,86,T3 single-layer
BRCA1,1,0,0,0,0,0,85,T4 STRING-only
CCR2,1,0,0,0,0,0,85,T4 STRING-only
ITGB2,1,0,0,0,0,0,85,T4 STRING-only
PLCG1,1,0,1,0,0,1,85,T3 single-layer
TYK2,1,0,0,0,0,0,85,T4 STRING-only
SMAD3,1,0,0,0,0,0,84,T4 STRING-only
BCL2L1,1,0,1,0,0,1,83,T3 single-layer
FOXP3,1,0,0,0,0,0,83,T4 STRING-only
H3-3B,1,0,0,0,0,0,83,T4 STRING-only
IL3,1,0,0,0,0,0,83,T4 STRING-only
IL7R,1,0,0,0,0,0,83,T4 STRING-only
NCOR1,1,0,0,0,0,0,83,T4 STRING-only
CD28,1,0,0,0,0,0,82,T4 STRING-only
CD80,1,0,0,0,0,0,82,T4 STRING-only
FCGR3B,1,0,0,0,0,0,82,T4 STRING-only
FOXO3,1,0,0,0,0,0,82,T4 STRING-only
IL18,1,0,1,0,0,1,82,T3 single-layer
ITGAX,1,0,0,0,0,0,82,T4 STRING-only
PECAM1,1,0,0,0,0,0,82,T4 STRING-only
SCARB2,1,0,0,0,0,0,82,T4 STRING-only
BDNF,1,0,0,0,0,0,81,T4 STRING-only
CXCL1,1,0,1,0,0,1,81,T3 single-layer
CASP1,1,0,1,0,0,1,80,T3 single-layer
CXCR3,1,0,0,0,0,0,80,T4 STRING-only
PIK3CD,1,0,1,0,0,1,80,T3 single-layer
PIK3R3,1,0,1,0,0,1,80,T3 single-layer
BECN1,1,0,0,0,0,0,79,T4 STRING-only
HSPA5,1,0,1,0,0,1,79,T3 single-layer
MDM2,1,0,0,0,0,0,79,T4 STRING-only
PRKCA,1,0,1,0,0,1,79,T3 single-layer
SQSTM1,1,0,0,0,0,0,79,T4 STRING-only
CALM3,1,0,1,0,0,1,78,T3 single-layer
MAPK14,1,0,1,0,0,1,78,T3 single-layer
PLCG2,1,0,0,0,0,0,78,T4 STRING-only
RPTOR,1,0,0,0,0,0,77,T4 STRING-only
STAT5B,1,0,0,0,0,0,77,T4 STRING-only
CD34,1,0,0,0,0,0,76,T4 STRING-only
IL2RA,1,0,0,0,0,0,76,T4 STRING-only
MPO,1,0,0,0,0,0,76,T4 STRING-only
NRAS,1,0,1,0,0,1,76,T3 single-layer
TLR3,1,0,0,0,0,0,76,T4 STRING-only
CCL3,1,0,1,0,0,1,75,T3 single-layer
CTLA4,1,0,0,0,0,0,75,T4 STRING-only
IL6R,1,0,0,0,0,0,75,T4 STRING-only
VCAM1,1,0,1,0,0,1,74,T3 single-layer
AR,1,0,0,0,0,0,73,T4 STRING-only
CCL4,1,0,0,0,0,0,73,T4 STRING-only
CD274,1,0,0,0,0,0,73,T4 STRING-only
CDKN2A,1,0,0,0,0,0,73,T4 STRING-only
ERBB3,1,0,0,0,0,0,73,T4 STRING-only
RPS6KB1,1,0,0,0,0,0,73,T4 STRING-only
SMARCA4,1,0,0,0,0,0,73,T4 STRING-only
TLR9,1,0,0,0,0,0,73,T4 STRING-only
CXCL9,1,0,0,0,0,0,72,T4 STRING-only
CXCR2,1,0,0,0,0,0,72,T4 STRING-only
CXCR5,1,0,0,0,0,0,72,T4 STRING-only
H3-4,1,0,0,0,0,0,72,T4 STRING-only
IL22,1,0,0,0,0,0,72,T4 STRING-only
SMAD4,1,0,0,0,0,0,72,T4 STRING-only
CALML5,1,0,1,0,0,1,71,T3 single-layer
CYCS,1,0,1,0,0,1,71,T3 single-layer
HGF,1,0,0,0,0,0,71,T4 STRING-only
HSPA8,1,0,1,0,0,1,71,T3 single-layer
IFNA2,1,0,1,0,0,1,71,T3 single-layer
IL9,1,0,0,0,0,0,71,T4 STRING-only
LCK,1,0,0,0,0,0,71,T4 STRING-only
CCR6,1,0,0,0,0,0,70,T4 STRING-only
ARRB2,1,0,0,0,0,0,69,T4 STRING-only
CALML3,1,0,1,0,0,1,69,T3 single-layer
CALML4,1,0,1,0,0,1,69,T3 single-layer
CBL,1,0,0,0,0,0,69,T4 STRING-only
CX3CR1,1,0,0,0,0,0,69,T4 STRING-only
EZH2,1,0,0,0,0,0,69,T4 STRING-only
NLRP3,1,0,1,0,0,1,69,T3 single-layer
NTRK1,1,0,0,0,0,0,69,T4 STRING-only
RIPK1,1,0,0,0,0,0,69,T4 STRING-only
CALML6,1,0,1,0,0,1,68,T3 single-layer
CDKN1A,1,0,0,0,0,0,68,T4 STRING-only
ERBB4,1,0,0,0,0,0,68,T4 STRING-only
GNB1,1,0,0,0,0,0,68,T4 STRING-only
NR3C1,1,0,0,0,0,0,68,T4 STRING-only
TRAF3,1,0,1,0,0,1,68,T3 single-layer
TSC2,1,0,0,0,0,0,68,T4 STRING-only
CLU,1,0,0,0,0,0,67,T4 STRING-only
IRAK1,1,0,1,0,0,1,67,T3 single-layer
MED1,1,0,0,0,0,0,67,T4 STRING-only
NGFR,1,0,0,0,0,0,67,T4 STRING-only
RUNX1,1,0,0,0,0,0,67,T4 STRING-only
SDC1,1,0,0,0,0,0,67,T4 STRING-only
VCP,1,0,0,0,0,0,67,T4 STRING-only
ARRB1,1,0,0,0,0,0,66,T4 STRING-only
CCR1,1,0,0,0,0,0,66,T4 STRING-only
CEBPB,1,0,0,0,0,0,66,T4 STRING-only
DDX58,1,0,0,0,0,0,66,T4 STRING-only
ITGB3,1,0,0,0,0,0,66,T4 STRING-only
MAP3K7,1,0,1,0,0,1,66,T3 single-layer
PXDN,1,0,0,0,0,0,66,T4 STRING-only
SELL,1,0,0,0,0,0,66,T4 STRING-only
ATM,1,0,0,0,0,0,65,T4 STRING-only
BIRC2,1,0,0,0,0,0,65,T4 STRING-only
GZMB,1,0,0,0,0,0,64,T4 STRING-only
NGF,1,0,0,0,0,0,64,T4 STRING-only
CD27,1,0,0,0,0,0,63,T4 STRING-only
CX3CL1,1,0,0,0,0,0,63,T4 STRING-only
PARP1,1,0,0,0,0,0,63,T4 STRING-only
RAF1,1,0,0,0,0,0,63,T4 STRING-only
FASLG,1,0,1,0,0,1,62,T3 single-layer
HDAC2,1,0,0,0,0,0,62,T4 STRING-only
IL1R1,1,0,0,0,0,0,62,T4 STRING-only
TBK1,1,0,1,0,0,1,62,T3 single-layer
VTN,1,0,0,0,0,0,62,T4 STRING-only
IL11,1,0,0,0,0,0,61,T4 STRING-only
IRF3,1,0,1,0,0,1,61,T3 single-layer
PXDNL,1,0,0,0,0,0,61,T4 STRING-only
RUNX2,1,0,0,0,0,0,61,T4 STRING-only
BIRC3,1,0,0,0,0,0,60,T4 STRING-only
CCL11,1,0,0,0,0,0,60,T4 STRING-only
CD68,1,0,0,0,0,0,60,T4 STRING-only
CXCL2,1,0,1,0,0,1,60,T3 single-layer
ICOS,1,0,0,0,0,0,60,T4 STRING-only
NCOR2,1,0,0,0,0,0,60,T4 STRING-only
SERPINE1,1,0,0,0,0,0,60,T4 STRING-only
SMAD2,1,0,0,0,0,0,60,T4 STRING-only
STAT6,1,0,0,0,0,0,60,T4 STRING-only
VWF,1,0,0,0,0,0,60,T4 STRING-only
XIAP,1,0,0,0,0,0,60,T4 STRING-only
BRAF,1,0,0,0,0,0,59,T4 STRING-only
CCR3,1,0,0,0,0,0,59,T4 STRING-only
CD38,1,0,0,0,0,0,59,T4 STRING-only
STK11,1,0,0,0,0,0,59,T4 STRING-only
TLR7,1,0,0,0,0,0,59,T4 STRING-only
CSF1,1,0,0,0,0,0,58,T4 STRING-only
GNAQ,1,0,0,0,0,0,58,T4 STRING-only
IL4R,1,0,0,0,0,0,58,T4 STRING-only
MAPT,1,0,0,0,0,0,58,T4 STRING-only
MAVS,1,0,0,0,0,0,58,T4 STRING-only
RAC2,1,0,0,0,0,0,58,T4 STRING-only
TBX21,1,0,0,0,0,0,58,T4 STRING-only
TRADD,1,0,0,0,0,0,58,T4 STRING-only
H3-2,1,0,0,0,0,0,57,T4 STRING-only
IL10RA,1,0,0,0,0,0,57,T4 STRING-only
MAP2K1,1,0,0,0,0,0,57,T4 STRING-only
PRKAA1,1,0,0,0,0,0,57,T4 STRING-only
PRKAA2,1,0,0,0,0,0,57,T4 STRING-only
SP1,1,0,0,0,0,0,57,T4 STRING-only
THBS1,1,0,0,0,0,0,57,T4 STRING-only
YWHAZ,1,0,0,0,0,0,57,T4 STRING-only
CALR,1,0,0,0,0,0,56,T4 STRING-only
CRK,1,0,0,0,0,0,56,T4 STRING-only
DCN,1,0,0,0,0,0,56,T4 STRING-only
H3-5,1,0,0,0,0,0,56,T4 STRING-only
IFNGR1,1,0,0,0,0,0,56,T4 STRING-only
LIPE,1,0,0,0,0,0,56,T4 STRING-only
SOCS3,1,0,0,0,0,0,56,T4 STRING-only
VAV1,1,0,1,0,0,1,56,T3 single-layer
A2M,1,0,1,0,0,1,55,T3 single-layer
BTK,1,0,0,0,0,0,55,T4 STRING-only
CASP9,1,0,1,0,0,1,55,T3 single-layer
CCL20,1,0,0,0,0,0,55,T4 STRING-only
CYBB,1,0,1,0,0,1,55,T3 single-layer
FGFR4,1,0,0,0,0,0,55,T4 STRING-only
IRF1,1,0,0,0,0,0,55,T4 STRING-only
ITGA2B,1,0,0,0,0,0,55,T4 STRING-only
NCAM1,1,0,0,0,0,0,55,T4 STRING-only
PLA2G7,1,0,0,0,0,0,55,T4 STRING-only
PRKCB,1,0,0,0,0,0,55,T4 STRING-only
ADIPOQ,1,0,0,0,0,0,54,T4 STRING-only
CXCL13,1,0,0,0,0,0,54,T4 STRING-only
E2F1,1,0,0,0,0,0,54,T4 STRING-only
EPHA2,1,0,0,0,0,0,54,T4 STRING-only
FADD,1,0,0,0,0,0,54,T4 STRING-only
IFNAR1,1,0,0,0,0,0,54,T4 STRING-only
IRF7,1,0,1,0,0,1,54,T3 single-layer
NCOA3,1,0,0,0,0,0,54,T4 STRING-only
PLG,1,0,0,0,0,0,54,T4 STRING-only
PRKN,1,0,0,0,0,0,54,T4 STRING-only
CCL19,1,0,0,0,0,0,53,T4 STRING-only
CCL22,1,0,0,0,0,0,53,T4 STRING-only
CD69,1,0,0,0,0,0,53,T4 STRING-only
CEBPA,1,0,0,0,0,0,53,T4 STRING-only
CXCL11,1,0,0,0,0,0,53,T4 STRING-only
SOCS1,1,0,0,0,0,0,53,T4 STRING-only
SPP1,1,0,0,0,0,0,53,T4 STRING-only
CXCR1,1,0,0,0,0,0,52,T4 STRING-only
FGF7,1,0,0,0,0,0,52,T4 STRING-only
HSP90B1,1,0,1,0,0,1,52,T3 single-layer
NTRK2,1,0,0,0,0,0,52,T4 STRING-only
PPP2CA,1,0,0,0,0,0,52,T4 STRING-only
PXN,1,0,0,0,0,0,52,T4 STRING-only
RICTOR,1,0,0,0,0,0,52,T4 STRING-only
SOS1,1,0,0,0,0,0,52,T4 STRING-only
SOX2,1,0,0,0,0,0,52,T4 STRING-only
TAB2,1,0,1,0,0,1,52,T3 single-layer
TEK,1,0,0,0,0,0,52,T4 STRING-only
CDH2,1,0,0,0,0,0,51,T4 STRING-only
EPO,1,0,0,0,0,0,51,T4 STRING-only
F2,1,0,0,0,0,0,51,T4 STRING-only
IGHV3-43D,1,0,0,0,0,0,51,T4 STRING-only
IL2RB,1,0,0,0,0,0,51,T4 STRING-only
IL2RG,1,0,0,0,0,0,51,T4 STRING-only
IL3RA,1,0,0,0,0,0,51,T4 STRING-only
IL6ST,1,0,0,0,0,0,51,T4 STRING-only
PF4,1,0,0,0,0,0,51,T4 STRING-only
PIK3CG,1,0,0,0,0,0,51,T4 STRING-only
SNAI1,1,0,0,0,0,0,51,T4 STRING-only
TIMP1,1,0,0,0,0,0,51,T4 STRING-only
CCL17,1,0,0,0,0,0,50,T4 STRING-only
CD163,1,0,0,0,0,0,50,T4 STRING-only
CSF3R,1,0,0,0,0,0,50,T4 STRING-only
HMGB1,1,0,0,0,0,0,50,T4 STRING-only
KITLG,1,0,0,0,0,0,50,T4 STRING-only
NOTCH1,1,0,0,0,0,0,50,T4 STRING-only
OSM,1,0,0,0,0,0,50,T4 STRING-only
SERPINA1,1,0,0,0,0,0,50,T4 STRING-only
CANX,1,0,0,0,0,0,49,T4 STRING-only
CXCL5,1,0,0,0,0,0,49,T4 STRING-only
FLNA,1,0,0,0,0,0,49,T4 STRING-only
HTT,1,0,0,0,0,0,49,T4 STRING-only
IRAK4,1,0,1,0,0,1,49,T3 single-layer
LOC102723407,1,0,0,0,0,0,49,T4 STRING-only
NPM1,1,0,0,0,0,0,49,T4 STRING-only
PLD2,1,0,0,0,0,0,49,T4 STRING-only
PRKAG2,1,0,0,0,0,0,49,T4 STRING-only
CD5,1,0,0,0,0,0,48,T4 STRING-only
CYP2E1,1,0,0,0,0,0,48,T4 STRING-only
FLT3LG,1,0,0,0,0,0,48,T4 STRING-only
ITGAV,1,0,0,0,0,0,48,T4 STRING-only
LAMP1,1,0,0,0,0,0,48,T4 STRING-only
MAPK11,1,0,1,0,0,1,48,T3 single-layer
MCL1,1,0,0,0,0,0,48,T4 STRING-only
PDCD1,1,0,0,0,0,0,48,T4 STRING-only
PRKAB1,1,0,0,0,0,0,48,T4 STRING-only
PRKAB2,1,0,0,0,0,0,48,T4 STRING-only
RAC1,1,0,1,0,0,1,48,T3 single-layer
SNCA,1,0,0,0,0,0,48,T4 STRING-only
ACTG1,1,0,0,0,0,0,47,T4 STRING-only
ATG5,1,0,0,0,0,0,47,T4 STRING-only
FGF5,1,0,0,0,0,0,47,T4 STRING-only
HAVCR2,1,0,0,0,0,0,47,T4 STRING-only
IL12RB1,1,0,0,0,0,0,47,T4 STRING-only
ITGA4,1,0,0,0,0,0,47,T4 STRING-only
LIF,1,0,0,0,0,0,47,T4 STRING-only
MAPK12,1,0,1,0,0,1,47,T3 single-layer
NOD2,1,0,0,0,0,0,47,T4 STRING-only
PNPLA2,1,0,0,0,0,0,47,T4 STRING-only
RARA,1,0,0,0,0,0,47,T4 STRING-only
AHSG,1,0,0,0,0,0,46,T4 STRING-only
ANXA5,1,0,0,0,0,0,46,T4 STRING-only
C3,1,0,0,0,0,0,46,T4 STRING-only
HP,1,0,0,0,0,0,46,T4 STRING-only
HSPG2,1,0,0,0,0,0,46,T4 STRING-only
ITPR1,1,0,1,0,0,1,46,T3 single-layer
LGALS3,1,0,0,0,0,0,46,T4 STRING-only
MAPK13,1,0,1,0,0,1,46,T3 single-layer
NR1H4,1,0,0,0,0,0,46,T4 STRING-only
RACK1,1,0,0,0,0,0,46,T4 STRING-only
TAB1,1,0,1,0,0,1,46,T3 single-layer
CCRL2,1,0,0,0,0,0,45,T4 STRING-only
FGA,1,0,0,0,0,0,45,T4 STRING-only
FGF18,1,0,0,0,0,0,45,T4 STRING-only
FGF4,1,0,0,0,0,0,45,T4 STRING-only
IFNA17,1,0,1,0,0,1,45,T3 single-layer
IRS2,1,0,0,0,0,0,45,T4 STRING-only
NCOA1,1,0,0,0,0,0,45,T4 STRING-only
PPP2R1A,1,0,0,0,0,0,45,T4 STRING-only
TNFAIP3,1,0,0,0,0,0,45,T4 STRING-only
TNFRSF9,1,0,0,0,0,0,45,T4 STRING-only
TTR,1,0,0,0,0,0,45,T4 STRING-only
CS,1,0,0,0,0,0,44,T4 STRING-only
FGF6,1,0,0,0,0,0,44,T4 STRING-only
FGF9,1,0,0,0,0,0,44,T4 STRING-only
HMOX1,1,0,0,0,0,0,44,T4 STRING-only
IL23R,1,0,0,0,0,0,44,T4 STRING-only
IQGAP1,1,0,0,0,0,0,44,T4 STRING-only
MLST8,1,0,0,0,0,0,44,T4 STRING-only
NOS3,1,0,1,0,0,1,44,T3 single-layer
PLAAT3,1,0,0,0,0,0,44,T4 STRING-only
POMC,1,0,0,0,0,0,44,T4 STRING-only
PON1,1,0,0,0,0,0,44,T4 STRING-only
PPP2CB,1,0,0,0,0,0,44,T4 STRING-only
PRKAG1,1,0,0,0,0,0,44,T4 STRING-only
RHEB,1,0,0,0,0,0,44,T4 STRING-only
SEL1L,1,0,0,0,0,0,44,T4 STRING-only
SELP,1,0,1,0,0,1,44,T3 single-layer
STUB1,1,0,0,0,0,0,44,T4 STRING-only
TSC1,1,0,0,0,0,0,44,T4 STRING-only
TYROBP,1,0,0,0,0,0,44,T4 STRING-only
AKT1S1,1,0,0,0,0,0,43,T4 STRING-only
EIF2AK2,1,0,0,0,0,0,43,T4 STRING-only
FCGR1A,1,0,0,0,0,0,43,T4 STRING-only
FGF10,1,0,0,0,0,0,43,T4 STRING-only
IGF2,1,0,0,0,0,0,43,T4 STRING-only
KNG1,1,0,0,0,0,0,43,T4 STRING-only
MAP1LC3B,1,0,0,0,0,0,43,T4 STRING-only
NCK1,1,0,0,0,0,0,43,T4 STRING-only
PRKCZ,1,0,0,0,0,0,43,T4 STRING-only
RIPK2,1,0,0,0,0,0,43,T4 STRING-only
ATF2,1,0,0,0,0,0,42,T4 STRING-only
CXCL3,1,0,1,0,0,1,42,T3 single-layer
EPOR,1,0,0,0,0,0,42,T4 STRING-only
FGF20,1,0,0,0,0,0,42,T4 STRING-only
FGF22,1,0,0,0,0,0,42,T4 STRING-only
HDAC3,1,0,0,0,0,0,42,T4 STRING-only
HDAC6,1,0,0,0,0,0,42,T4 STRING-only
HNF4A,1,0,0,0,0,0,42,T4 STRING-only
IKBKE,1,0,1,0,0,1,42,T3 single-layer
PIK3C3,1,0,0,0,0,0,42,T4 STRING-only
RPS6,1,0,0,0,0,0,42,T4 STRING-only
VCL,1,0,0,0,0,0,42,T4 STRING-only
ATF4,1,0,1,0,0,1,41,T3 single-layer
B2M,1,0,0,0,0,0,41,T4 STRING-only
CCN2,1,0,0,0,0,0,41,T4 STRING-only
CYLD,1,0,0,0,0,0,41,T4 STRING-only
DLG4,1,0,0,0,0,0,41,T4 STRING-only
FAS,1,0,1,0,0,1,41,T3 single-layer
FCER1G,1,0,0,0,0,0,41,T4 STRING-only
FCGR2A,1,0,0,0,0,0,41,T4 STRING-only
FGF16,1,0,0,0,0,0,41,T4 STRING-only
HSPA9,1,0,0,0,0,0,41,T4 STRING-only
IGLL5,1,0,0,0,0,0,41,T4 STRING-only
IL12RB2,1,0,0,0,0,0,41,T4 STRING-only
LEPR,1,0,0,0,0,0,41,T4 STRING-only
MAP3K5,1,0,1,0,0,1,41,T3 single-layer
NFE2L2,1,0,1,0,0,1,41,T3 single-layer
PLA2G4A,1,0,0,0,0,0,41,T4 STRING-only
PSEN1,1,0,0,0,0,0,41,T4 STRING-only
STAT4,1,0,0,0,0,0,41,T4 STRING-only
ACOX1,1,0,0,0,0,0,40,T4 STRING-only
CARM1,1,0,0,0,0,0,40,T4 STRING-only
CDKN1B,1,0,0,0,0,0,40,T4 STRING-only
COL1A1,1,0,0,0,0,0,40,T4 STRING-only
DNMT1,1,0,0,0,0,0,40,T4 STRING-only
ELANE,1,0,0,0,0,0,40,T4 STRING-only
FCGR2B,1,0,0,0,0,0,40,T4 STRING-only
HCLS1,1,0,0,0,0,0,40,T4 STRING-only
IFNL1,1,0,0,0,0,0,40,T4 STRING-only
IL10RB,1,0,0,0,0,0,40,T4 STRING-only
IL21R,1,0,0,0,0,0,40,T4 STRING-only
ITPR3,1,0,0,0,0,0,40,T4 STRING-only
MMP3,1,0,1,0,0,1,40,T3 single-layer
NR0B2,1,0,0,0,0,0,40,T4 STRING-only
PRKAG3,1,0,0,0,0,0,40,T4 STRING-only
PRKCG,1,0,0,0,0,0,40,T4 STRING-only
REL,1,0,0,0,0,0,40,T4 STRING-only
RPS6KB2,1,0,0,0,0,0,40,T4 STRING-only
SELENOS,1,0,0,0,0,0,40,T4 STRING-only
UBE2N,1,0,0,0,0,0,40,T4 STRING-only
BCAR1,1,0,0,0,0,0,39,T4 STRING-only
CNTF,1,0,0,0,0,0,39,T4 STRING-only
CUL1,1,0,0,0,0,0,39,T4 STRING-only
FOXO4,1,0,0,0,0,0,39,T4 STRING-only
IGHV3-16,1,0,0,0,0,0,39,T4 STRING-only
IL13RA1,1,0,0,0,0,0,39,T4 STRING-only
IL27RA,1,0,0,0,0,0,39,T4 STRING-only
MRC1,1,0,0,0,0,0,39,T4 STRING-only
NLRC4,1,0,0,0,0,0,39,T4 STRING-only
PDGFB,1,0,0,0,0,0,39,T4 STRING-only
PLA2G6,1,0,0,0,0,0,39,T4 STRING-only
PRF1,1,0,0,0,0,0,39,T4 STRING-only
PYCARD,1,0,1,0,0,1,39,T3 single-layer
SIN3A,1,0,0,0,0,0,39,T4 STRING-only
TFRC,1,0,0,0,0,0,39,T4 STRING-only
XBP1,1,0,1,0,0,1,39,T3 single-layer
ACSL1,1,0,0,0,0,0,38,T4 STRING-only
ALK,1,0,0,0,0,0,38,T4 STRING-only
ARID1A,1,0,0,0,0,0,38,T4 STRING-only
CSF2RB,1,0,0,0,0,0,38,T4 STRING-only
CTTN,1,0,0,0,0,0,38,T4 STRING-only
IL33,1,0,0,0,0,0,38,T4 STRING-only
ITGAL,1,0,0,0,0,0,38,T4 STRING-only
LTA,1,0,0,0,0,0,38,T4 STRING-only
LTF,1,0,0,0,0,0,38,T4 STRING-only
MECP2,1,0,0,0,0,0,38,T4 STRING-only
NFKB2,1,0,0,0,0,0,38,T4 STRING-only
PDPK1,1,0,1,0,0,1,38,T3 single-layer
TGFA,1,0,0,0,0,0,38,T4 STRING-only
TLR1,1,0,0,0,0,0,38,T4 STRING-only
ACAT1,1,0,0,0,0,0,37,T4 STRING-only
ATG7,1,0,0,0,0,0,37,T4 STRING-only
CD33,1,0,0,0,0,0,37,T4 STRING-only
GCG,1,0,0,0,0,0,37,T4 STRING-only
HPX,1,0,0,0,0,0,37,T4 STRING-only
LIFR,1,0,0,0,0,0,37,T4 STRING-only
MALT1,1,0,0,0,0,0,37,T4 STRING-only
MBOAT2,1,0,0,0,0,0,37,T4 STRING-only
NCF1,1,0,1,0,0,1,37,T3 single-layer
NCOA2,1,0,0,0,0,0,37,T4 STRING-only
OS9,1,0,0,0,0,0,37,T4 STRING-only
PLD1,1,0,0,0,0,0,37,T4 STRING-only
TAB3,1,0,0,0,0,0,37,T4 STRING-only
TLN1,1,0,0,0,0,0,37,T4 STRING-only
TNFRSF1B,1,0,0,0,0,0,37,T4 STRING-only
TNFSF11,1,0,0,0,0,0,37,T4 STRING-only
ULK1,1,0,0,0,0,0,37,T4 STRING-only
APOM,1,0,0,0,0,0,36,T4 STRING-only
CCL13,1,0,0,0,0,0,36,T4 STRING-only
CHPT1,1,0,0,0,0,0,36,T4 STRING-only
CYP26A1,1,0,0,0,0,0,36,T4 STRING-only
F3,1,0,0,0,0,0,36,T4 STRING-only
NF1,1,0,0,0,0,0,36,T4 STRING-only
RASA1,1,0,0,0,0,0,36,T4 STRING-only
TLR8,1,0,0,0,0,0,36,T4 STRING-only
VASP,1,0,0,0,0,0,36,T4 STRING-only
WAS,1,0,0,0,0,0,36,T4 STRING-only
BCL10,1,0,0,0,0,0,35,T4 STRING-only
BRD4,1,0,0,0,0,0,35,T4 STRING-only
CCL1,1,0,0,0,0,0,35,T4 STRING-only
CCL7,1,0,0,0,0,0,35,T4 STRING-only
CXCL6,1,0,0,0,0,0,35,T4 STRING-only
EGR1,1,0,0,0,0,0,35,T4 STRING-only
FGF1,1,0,0,0,0,0,35,T4 STRING-only
FGF13,1,0,0,0,0,0,35,T4 STRING-only
IDO1,1,0,0,0,0,0,35,T4 STRING-only
KEAP1,1,0,0,0,0,0,35,T4 STRING-only
MMP1,1,0,1,0,0,1,35,T3 single-layer
NLRP1,1,0,0,0,0,0,35,T4 STRING-only
NOD1,1,0,0,0,0,0,35,T4 STRING-only
POU5F1,1,0,0,0,0,0,35,T4 STRING-only
PPP2R1B,1,0,0,0,0,0,35,T4 STRING-only
RNF31,1,0,0,0,0,0,35,T4 STRING-only
SERPINC1,1,0,0,0,0,0,35,T4 STRING-only
SMARCA2,1,0,0,0,0,0,35,T4 STRING-only
SYVN1,1,0,0,0,0,0,35,T4 STRING-only
ACAA2,1,0,0,0,0,0,34,T4 STRING-only
ALOX15,1,0,0,0,0,0,34,T4 STRING-only
BCL2L11,1,0,0,0,0,0,34,T4 STRING-only
CCNB1,1,0,0,0,0,0,34,T4 STRING-only
CD81,1,0,0,0,0,0,34,T4 STRING-only
CD9,1,0,0,0,0,0,34,T4 STRING-only
CHEK1,1,0,0,0,0,0,34,T4 STRING-only
CPT1A,1,0,0,0,0,0,34,T4 STRING-only
CYP3A4,1,0,0,0,0,0,34,T4 STRING-only
EIF4E,1,0,0,0,0,0,34,T4 STRING-only
FGB,1,0,0,0,0,0,34,T4 STRING-only
FGG,1,0,0,0,0,0,34,T4 STRING-only
GC,1,0,0,0,0,0,34,T4 STRING-only
GPX7,1,0,0,0,0,0,34,T4 STRING-only
IFNAR2,1,0,0,0,0,0,34,T4 STRING-only
IL23A,1,0,0,0,0,0,34,T4 STRING-only
LCP2,1,0,0,0,0,0,34,T4 STRING-only
OCLN,1,0,0,0,0,0,34,T4 STRING-only
PLA2G2A,1,0,0,0,0,0,34,T4 STRING-only
PPARD,1,0,0,0,0,0,34,T4 STRING-only
TJP1,1,0,0,0,0,0,34,T4 STRING-only
TNFRSF4,1,0,0,0,0,0,34,T4 STRING-only
TNFSF13B,1,0,0,0,0,0,34,T4 STRING-only
TRAF1,1,0,0,0,0,0,34,T4 STRING-only
TXN,1,0,0,0,0,0,34,T4 STRING-only
VAV2,1,0,1,0,0,1,34,T3 single-layer
VAV3,1,0,1,0,0,1,34,T3 single-layer
XCR1,1,0,0,0,0,0,34,T4 STRING-only
ACAA1,1,0,0,0,0,0,33,T4 STRING-only
ACLY,1,0,0,0,0,0,33,T4 STRING-only
ANGPT1,1,0,0,0,0,0,33,T4 STRING-only
CCL26,1,0,0,0,0,0,33,T4 STRING-only
CDH5,1,0,0,0,0,0,33,T4 STRING-only
FBXW7,1,0,0,0,0,0,33,T4 STRING-only
HADHB,1,0,0,0,0,0,33,T4 STRING-only
IL13RA2,1,0,0,0,0,0,33,T4 STRING-only
IL5RA,1,0,0,0,0,0,33,T4 STRING-only
LCN2,1,0,0,0,0,0,33,T4 STRING-only
LPCAT1,1,0,0,0,0,0,33,T4 STRING-only
NR1H3,1,0,1,1,0,2,33,T2 multi-layer
NRP1,1,0,0,0,0,0,33,T4 STRING-only
SELE,1,0,1,0,0,1,33,T3 single-layer
SLC9A1,1,0,0,0,0,0,33,T4 STRING-only
SPI1,1,0,0,0,0,0,33,T4 STRING-only
TGFBR2,1,0,0,0,0,0,33,T4 STRING-only
AIM2,1,0,0,0,0,0,32,T4 STRING-only
ANXA2,1,0,0,0,0,0,32,T4 STRING-only
APOL1,1,0,0,0,0,0,32,T4 STRING-only
BAX,1,0,1,0,0,1,32,T3 single-layer
CCK,1,0,0,0,0,0,32,T4 STRING-only
CD63,1,0,0,0,0,0,32,T4 STRING-only
CEPT1,1,0,0,0,0,0,32,T4 STRING-only
CLEC7A,1,0,0,0,0,0,32,T4 STRING-only
DLAT,1,0,0,0,0,0,32,T4 STRING-only
ERN1,1,0,1,0,0,1,32,T3 single-layer
GPT,1,0,0,0,0,0,32,T4 STRING-only
GPX3,1,0,0,0,0,0,32,T4 STRING-only
GPX5,1,0,0,0,0,0,32,T4 STRING-only
GPX6,1,0,0,0,0,0,32,T4 STRING-only
GPX8,1,0,0,0,0,0,32,T4 STRING-only
HSD17B7,1,0,0,0,0,0,32,T4 STRING-only
IL22RA1,1,0,0,0,0,0,32,T4 STRING-only
MEFV,1,0,0,0,0,0,32,T4 STRING-only
MUC1,1,0,0,0,0,0,32,T4 STRING-only
PRKDC,1,0,0,0,0,0,32,T4 STRING-only
RIPK3,1,0,0,0,0,0,32,T4 STRING-only
ALOX5,1,0,0,0,0,0,31,T4 STRING-only
ANGPT2,1,0,0,0,0,0,31,T4 STRING-only
ATF6,1,0,1,0,0,1,31,T3 single-layer
ATG12,1,0,0,0,0,0,31,T4 STRING-only
BMP2,1,0,0,0,0,0,31,T4 STRING-only
CFLAR,1,0,0,0,0,0,31,T4 STRING-only
COL1A2,1,0,0,0,0,0,31,T4 STRING-only
CTSS,1,0,0,0,0,0,31,T4 STRING-only
CYP1A1,1,0,1,0,0,1,31,T3 single-layer
GOT2,1,0,0,0,0,0,31,T4 STRING-only
GP6,1,0,0,0,0,0,31,T4 STRING-only
GPX2,1,0,0,0,0,0,31,T4 STRING-only
HPR,1,0,0,0,0,0,31,T4 STRING-only
HSPA1B,1,0,1,0,0,1,31,T3 single-layer
ILK,1,0,0,0,0,0,31,T4 STRING-only
ISG15,1,0,0,0,0,0,31,T4 STRING-only
LPCAT2,1,0,0,0,0,0,31,T4 STRING-only
PLAU,1,0,0,0,0,0,31,T4 STRING-only
PLB1,1,0,0,0,0,0,31,T4 STRING-only
RRAGA,1,0,0,0,0,0,31,T4 STRING-only
RRAGC,1,0,0,0,0,0,31,T4 STRING-only
TNFRSF8,1,0,0,0,0,0,31,T4 STRING-only
TNFSF12,1,0,0,0,0,0,31,T4 STRING-only
WASL,1,0,0,0,0,0,31,T4 STRING-only
AIF1,1,0,0,0,0,0,30,T4 STRING-only
ANPEP,1,0,0,0,0,0,30,T4 STRING-only
ATF3,1,0,0,0,0,0,30,T4 STRING-only
BRCA2,1,0,0,0,0,0,30,T4 STRING-only
CARD9,1,0,0,0,0,0,30,T4 STRING-only
CD47,1,0,0,0,0,0,30,T4 STRING-only
ELAVL1,1,0,0,0,0,0,30,T4 STRING-only
FABP4,1,0,0,0,0,0,30,T4 STRING-only
HDAC4,1,0,0,0,0,0,30,T4 STRING-only
HRG,1,0,0,0,0,0,30,T4 STRING-only
ITIH4,1,0,0,0,0,0,30,T4 STRING-only
LPIN1,1,0,0,0,0,0,30,T4 STRING-only
MGLL,1,0,0,0,0,0,30,T4 STRING-only
OGT,1,0,0,0,0,0,30,T4 STRING-only
ORM1,1,0,0,0,0,0,30,T4 STRING-only
P4HB,1,0,1,0,0,1,30,T3 single-layer
PLPP4,1,0,0,0,0,0,30,T4 STRING-only
PLPP5,1,0,0,0,0,0,30,T4 STRING-only
RABIF,1,0,0,0,0,0,30,T4 STRING-only
RB1CC1,1,0,0,0,0,0,30,T4 STRING-only
RRAGB,1,0,0,0,0,0,30,T4 STRING-only
RUVBL1,1,0,0,0,0,0,30,T4 STRING-only
SKP2,1,0,0,0,0,0,30,T4 STRING-only
SUCLG2,1,0,0,0,0,0,30,T4 STRING-only
TREM2,1,0,0,0,0,0,30,T4 STRING-only
UBE2I,1,0,0,0,0,0,30,T4 STRING-only
AGO2,1,0,0,0,0,0,29,T4 STRING-only
AMBP,1,0,0,0,0,0,29,T4 STRING-only
CCL3L1,1,0,1,0,0,1,29,T3 single-layer
CYP1A2,1,0,0,0,0,0,29,T4 STRING-only
FGF19,1,0,0,0,0,0,29,T4 STRING-only
GAB2,1,0,0,0,0,0,29,T4 STRING-only
IL17F,1,0,0,0,0,0,29,T4 STRING-only
KLF4,1,0,0,0,0,0,29,T4 STRING-only
PLA2G10,1,0,0,0,0,0,29,T4 STRING-only
PLA2G1B,1,0,0,0,0,0,29,T4 STRING-only
PLAT,1,0,0,0,0,0,29,T4 STRING-only
PPP2R2A,1,0,0,0,0,0,29,T4 STRING-only
PSMD14,1,0,0,0,0,0,29,T4 STRING-only
PTGS1,1,0,0,0,0,0,29,T4 STRING-only
RELB,1,0,0,0,0,0,29,T4 STRING-only
SLC2A4,1,0,0,0,0,0,29,T4 STRING-only
SMARCC1,1,0,0,0,0,0,29,T4 STRING-only
SUCLG1,1,0,0,0,0,0,29,T4 STRING-only
THPO,1,0,0,0,0,0,29,T4 STRING-only
TIRAP,1,0,1,0,0,1,29,T3 single-layer
TLR5,1,0,0,0,0,0,29,T4 STRING-only
AMFR,1,0,0,0,0,0,28,T4 STRING-only
APOC4,1,0,1,0,0,1,28,T3 single-layer
ARG1,1,0,0,0,0,0,28,T4 STRING-only
AXIN1,1,0,0,0,0,0,28,T4 STRING-only
BGN,1,0,0,0,0,0,28,T4 STRING-only
CALM1,1,0,1,0,0,1,28,T3 single-layer
CAMP,1,0,0,0,0,0,28,T4 STRING-only
CCL18,1,0,0,0,0,0,28,T4 STRING-only
CCNA2,1,0,0,0,0,0,28,T4 STRING-only
CD209,1,0,0,0,0,0,28,T4 STRING-only
CEL,1,0,0,0,0,0,28,T4 STRING-only
CFTR,1,0,0,0,0,0,28,T4 STRING-only
DERL1,1,0,0,0,0,0,28,T4 STRING-only
ERLEC1,1,0,0,0,0,0,28,T4 STRING-only
GHRL,1,0,0,0,0,0,28,T4 STRING-only
GRIN2B,1,0,0,0,0,0,28,T4 STRING-only
HLA-A,1,0,0,0,0,0,28,T4 STRING-only
HSD3B2,1,0,0,0,0,0,28,T4 STRING-only
HSPB1,1,0,0,0,0,0,28,T4 STRING-only
IRAK2,1,0,0,0,0,0,28,T4 STRING-only
LPCAT4,1,0,0,0,0,0,28,T4 STRING-only
LY96,1,0,1,0,0,1,28,T3 single-layer
MPL,1,0,0,0,0,0,28,T4 STRING-only
NOS1,1,0,0,0,0,0,28,T4 STRING-only
PLIN1,1,0,0,0,0,0,28,T4 STRING-only
PLPP2,1,0,0,0,0,0,28,T4 STRING-only
RRAGD,1,0,0,0,0,0,28,T4 STRING-only
SESN2,1,0,0,0,0,0,28,T4 STRING-only
SHARPIN,1,0,0,0,0,0,28,T4 STRING-only
SOD2,1,0,1,0,0,1,28,T3 single-layer
TANK,1,0,1,0,0,1,28,T3 single-layer
TGFB2,1,0,0,0,0,0,28,T4 STRING-only
TLN2,1,0,0,0,0,0,28,T4 STRING-only
TNFRSF10A,1,0,1,0,0,1,28,T3 single-layer
TNFRSF18,1,0,0,0,0,0,28,T4 STRING-only
ULK2,1,0,0,0,0,0,28,T4 STRING-only
VEGFC,1,0,0,0,0,0,28,T4 STRING-only
ZEB1,1,0,0,0,0,0,28,T4 STRING-only
ATG3,1,0,0,0,0,0,27,T4 STRING-only
CCT4,1,0,0,0,0,0,27,T4 STRING-only
CREB5,1,0,0,0,0,0,27,T4 STRING-only
CRLF2,1,0,0,0,0,0,27,T4 STRING-only
CRTC2,1,0,0,0,0,0,27,T4 STRING-only
DDX3X,1,0,0,0,0,0,27,T4 STRING-only
DOCK1,1,0,0,0,0,0,27,T4 STRING-only
EDEM1,1,0,0,0,0,0,27,T4 STRING-only
EDN1,1,0,0,0,0,0,27,T4 STRING-only
EIF4EBP1,1,0,0,0,0,0,27,T4 STRING-only
FAF2,1,0,0,0,0,0,27,T4 STRING-only
GABARAPL1,1,0,0,0,0,0,27,T4 STRING-only
GSDMD,1,0,0,0,0,0,27,T4 STRING-only
HMGCL,1,0,0,0,0,0,27,T4 STRING-only
IRS4,1,0,0,0,0,0,27,T4 STRING-only
LAMTOR1,1,0,0,0,0,0,27,T4 STRING-only
MAP2K3,1,0,1,0,0,1,27,T3 single-layer
NCF2,1,0,1,0,0,1,27,T3 single-layer
NR1I2,1,0,0,0,0,0,27,T4 STRING-only
PCYOX1,1,0,0,0,0,0,27,T4 STRING-only
PIK3R5,1,0,0,0,0,0,27,T4 STRING-only
PLD3,1,0,0,0,0,0,27,T4 STRING-only
PLPP3,1,0,0,0,0,0,27,T4 STRING-only
PSMC5,1,0,0,0,0,0,27,T4 STRING-only
PTPN1,1,0,0,0,0,0,27,T4 STRING-only
RBCK1,1,0,0,0,0,0,27,T4 STRING-only
RORC,1,0,0,0,0,0,27,T4 STRING-only
SAA2,1,0,0,0,0,0,27,T4 STRING-only
SDC4,1,0,0,0,0,0,27,T4 STRING-only
SIRPA,1,0,0,0,0,0,27,T4 STRING-only
TNFRSF10B,1,0,1,0,0,1,27,T3 single-layer
YWHAQ,1,0,0,0,0,0,27,T4 STRING-only
ACSS1,1,0,0,0,0,0,26,T4 STRING-only
ACSS2,1,0,0,0,0,0,26,T4 STRING-only
ACTL6A,1,0,0,0,0,0,26,T4 STRING-only
APOF,1,0,1,0,0,1,26,T3 single-layer
CARD11,1,0,0,0,0,0,26,T4 STRING-only
CD276,1,0,0,0,0,0,26,T4 STRING-only
CH25H,1,0,0,0,0,0,26,T4 STRING-only
CREB3,1,0,0,0,0,0,26,T4 STRING-only
CTCF,1,0,0,0,0,0,26,T4 STRING-only
DBI,1,0,0,0,0,0,26,T4 STRING-only
DERL2,1,0,0,0,0,0,26,T4 STRING-only
EIF2S1,1,0,1,0,0,1,26,T3 single-layer
EPAS1,1,0,0,0,0,0,26,T4 STRING-only
FKBP1A,1,0,0,0,0,0,26,T4 STRING-only
GABARAPL2,1,0,0,0,0,0,26,T4 STRING-only
GFAP,1,0,0,0,0,0,26,T4 STRING-only
GHR,1,0,0,0,0,0,26,T4 STRING-only
GSN,1,0,0,0,0,0,26,T4 STRING-only
HSD3B1,1,0,0,0,0,0,26,T4 STRING-only
HSPB2,1,0,0,0,0,0,26,T4 STRING-only
IFNLR1,1,0,0,0,0,0,26,T4 STRING-only
LAMTOR3,1,0,0,0,0,0,26,T4 STRING-only
NEDD4,1,0,0,0,0,0,26,T4 STRING-only
NR4A1,1,0,0,0,0,0,26,T4 STRING-only
NRIP1,1,0,0,0,0,0,26,T4 STRING-only
OSMR,1,0,0,0,0,0,26,T4 STRING-only
PEX3,1,0,0,0,0,0,26,T4 STRING-only
PIK3R4,1,0,0,0,0,0,26,T4 STRING-only
PLA2G15,1,0,0,0,0,0,26,T4 STRING-only
PLA2G3,1,0,0,0,0,0,26,T4 STRING-only
PML,1,0,0,0,0,0,26,T4 STRING-only
PPP2R2B,1,0,0,0,0,0,26,T4 STRING-only
PSMA7,1,0,0,0,0,0,26,T4 STRING-only
RRAS,1,0,0,0,0,0,26,T4 STRING-only
THRA,1,0,0,0,0,0,26,T4 STRING-only
ADCY5,1,0,0,0,0,0,25,T4 STRING-only
ADRB2,1,0,0,0,0,0,25,T4 STRING-only
AGER,1,0,1,0,0,1,25,T3 single-layer
ALOX15B,1,0,0,0,0,0,25,T4 STRING-only
ATG101,1,0,0,0,0,0,25,T4 STRING-only
ATG13,1,0,0,0,0,0,25,T4 STRING-only
CDC37,1,0,0,0,0,0,25,T4 STRING-only
CLTC,1,0,1,0,0,1,25,T3 single-layer
DEPTOR,1,0,0,0,0,0,25,T4 STRING-only
EHHADH,1,0,0,0,0,0,25,T4 STRING-only
ENO1,1,0,0,0,0,0,25,T4 STRING-only
IRF8,1,0,0,0,0,0,25,T4 STRING-only
KDM3A,1,0,0,0,0,0,25,T4 STRING-only
LAMTOR2,1,0,0,0,0,0,25,T4 STRING-only
LPIN2,1,0,0,0,0,0,25,T4 STRING-only
MAPKAP1,1,0,0,0,0,0,25,T4 STRING-only
NCF4,1,0,1,0,0,1,25,T3 single-layer
NOS2,1,0,0,0,0,0,25,T4 STRING-only
PIK3R6,1,0,0,0,0,0,25,T4 STRING-only
PLA2G4C,1,0,0,0,0,0,25,T4 STRING-only
PNLIP,1,0,0,0,0,0,25,T4 STRING-only
PPP2R2C,1,0,0,0,0,0,25,T4 STRING-only
PRKG1,1,0,0,0,0,0,25,T4 STRING-only
PRMT1,1,0,0,0,0,0,25,T4 STRING-only
SMAD7,1,0,0,0,0,0,25,T4 STRING-only
SNAI2,1,0,0,0,0,0,25,T4 STRING-only
VIM,1,0,0,0,0,0,25,T4 STRING-only
ACAN,1,0,0,0,0,0,24,T4 STRING-only
ADCY9,1,0,0,0,0,0,24,T4 STRING-only
AFP,1,0,0,0,0,0,24,T4 STRING-only
AWAT2,1,0,0,0,0,0,24,T4 STRING-only
CDK5,1,0,0,0,0,0,24,T4 STRING-only
CYBA,1,0,1,0,0,1,24,T3 single-layer
CYP3A5,1,0,0,0,0,0,24,T4 STRING-only
EHMT2,1,0,0,0,0,0,24,T4 STRING-only
GPC1,1,0,0,0,0,0,24,T4 STRING-only
GRK2,1,0,0,0,0,0,24,T4 STRING-only
IL1RN,1,0,0,0,0,0,24,T4 STRING-only
NLRP6,1,0,0,0,0,0,24,T4 STRING-only
PLN,1,0,0,0,0,0,24,T4 STRING-only
PNPLA4,1,0,0,0,0,0,24,T4 STRING-only
PPP2R2D,1,0,0,0,0,0,24,T4 STRING-only
RALA,1,0,0,0,0,0,24,T4 STRING-only
RETN,1,0,0,0,0,0,24,T4 STRING-only
SFN,1,0,0,0,0,0,24,T4 STRING-only
SMARCD1,1,0,0,0,0,0,24,T4 STRING-only
THRB,1,0,0,0,0,0,24,T4 STRING-only
AASDH,1,0,0,0,0,0,23,T4 STRING-only
ACSL5,1,0,0,0,0,0,23,T4 STRING-only
ADAM17,1,0,0,0,0,0,23,T4 STRING-only
ADCY8,1,0,0,0,0,0,23,T4 STRING-only
AMBRA1,1,0,0,0,0,0,23,T4 STRING-only
ARF6,1,0,0,0,0,0,23,T4 STRING-only
ARNTL,1,0,0,0,0,0,23,T4 STRING-only
ATP1A1,1,0,0,0,0,0,23,T4 STRING-only
ATP1A3,1,0,0,0,0,0,23,T4 STRING-only
BACE1,1,0,0,0,0,0,23,T4 STRING-only
CTSB,1,0,0,0,0,0,23,T4 STRING-only
CYP27C1,1,0,0,0,0,0,23,T4 STRING-only
CYP2B6,1,0,1,0,0,1,23,T3 single-layer
CYP2J2,1,0,1,0,0,1,23,T3 single-layer
HLA-DRB1,1,0,0,0,0,0,23,T4 STRING-only
HMGCLL1,1,0,0,0,0,0,23,T4 STRING-only
KDM6B,1,0,0,0,0,0,23,T4 STRING-only
LMNB1,1,0,0,0,0,0,23,T4 STRING-only
LPIN3,1,0,0,0,0,0,23,T4 STRING-only
LTBR,1,0,0,0,0,0,23,T4 STRING-only
MAP2K4,1,0,1,0,0,1,23,T3 single-layer
MMP7,1,0,0,0,0,0,23,T4 STRING-only
MX1,1,0,0,0,0,0,23,T4 STRING-only
OPTN,1,0,0,0,0,0,23,T4 STRING-only
PCCB,1,0,0,0,0,0,23,T4 STRING-only
PCK1,1,0,0,0,0,0,23,T4 STRING-only
PDE3B,1,0,0,0,0,0,23,T4 STRING-only
PLA2G12A,1,0,0,0,0,0,23,T4 STRING-only
PLEK,1,0,0,0,0,0,23,T4 STRING-only
PPIF,1,0,0,0,0,0,23,T4 STRING-only
PPIG,1,0,0,0,0,0,23,T4 STRING-only
PPP1CA,1,0,0,0,0,0,23,T4 STRING-only
PSEN2,1,0,0,0,0,0,23,T4 STRING-only
PSMB9,1,0,0,0,0,0,23,T4 STRING-only
RETSAT,1,0,0,0,0,0,23,T4 STRING-only
RPS6KA1,1,0,0,0,0,0,23,T4 STRING-only
TNFRSF13C,1,0,0,0,0,0,23,T4 STRING-only
TNFRSF14,1,0,0,0,0,0,23,T4 STRING-only
TNFSF4,1,0,0,0,0,0,23,T4 STRING-only
TRRAP,1,0,0,0,0,0,23,T4 STRING-only
UCP1,1,0,0,0,0,0,23,T4 STRING-only
AREG,1,0,0,0,0,0,22,T4 STRING-only
ATP1B1,1,0,0,0,0,0,22,T4 STRING-only
BTLA,1,0,0,0,0,0,22,T4 STRING-only
CD7,1,0,0,0,0,0,22,T4 STRING-only
CPT1B,1,0,0,0,0,0,22,T4 STRING-only
CREB3L4,1,0,0,0,0,0,22,T4 STRING-only
CTSD,1,0,0,0,0,0,22,T4 STRING-only
CYP17A1,1,0,0,0,0,0,22,T4 STRING-only
EIF4G1,1,0,0,0,0,0,22,T4 STRING-only
FKBP5,1,0,0,0,0,0,22,T4 STRING-only
HSPB3,1,0,0,0,0,0,22,T4 STRING-only
IDO2,1,0,0,0,0,0,22,T4 STRING-only
IL11RA,1,0,0,0,0,0,22,T4 STRING-only
IL20RA,1,0,0,0,0,0,22,T4 STRING-only
INPPL1,1,0,0,0,0,0,22,T4 STRING-only
MOGAT1,1,0,0,0,0,0,22,T4 STRING-only
MYCN,1,0,0,0,0,0,22,T4 STRING-only
NCOA6,1,0,0,0,0,0,22,T4 STRING-only
NR1H2,1,0,1,0,0,1,22,T3 single-layer
PNPLA6,1,0,0,0,0,0,22,T4 STRING-only
PNPLA7,1,0,0,0,0,0,22,T4 STRING-only
PRKCI,1,0,0,0,0,0,22,T4 STRING-only
PRKG2,1,0,0,0,0,0,22,T4 STRING-only
PSMA5,1,0,0,0,0,0,22,T4 STRING-only
RXRG,1,0,1,0,0,1,22,T3 single-layer
SIGMAR1,1,0,0,0,0,0,22,T4 STRING-only
SIRT2,1,0,0,0,0,0,22,T4 STRING-only
SMARCC2,1,0,0,0,0,0,22,T4 STRING-only
SMARCE1,1,0,0,0,0,0,22,T4 STRING-only
SPARC,1,0,0,0,0,0,22,T4 STRING-only
TNFSF10,1,0,1,0,0,1,22,T3 single-layer
UBE2J1,1,0,0,0,0,0,22,T4 STRING-only
XPR1,1,0,0,0,0,0,22,T4 STRING-only
ACOX3,1,0,0,0,0,0,21,T4 STRING-only
ACSL3,1,0,0,0,0,0,21,T4 STRING-only
ADAM10,1,0,0,0,0,0,21,T4 STRING-only
ADCY1,1,0,0,0,0,0,21,T4 STRING-only
APCS,1,0,0,0,0,0,21,T4 STRING-only
ATP1B3,1,0,0,0,0,0,21,T4 STRING-only
ATP2A2,1,0,0,0,0,0,21,T4 STRING-only
AXL,1,0,0,0,0,0,21,T4 STRING-only
BAD,1,0,1,0,0,1,21,T3 single-layer
CCL4L2,1,0,0,0,0,0,21,T4 STRING-only
CD83,1,0,0,0,0,0,21,T4 STRING-only
CEACAM8,1,0,0,0,0,0,21,T4 STRING-only
CREB3L1,1,0,0,0,0,0,21,T4 STRING-only
DERL3,1,0,0,0,0,0,21,T4 STRING-only
FGF21,1,0,1,0,0,1,21,T3 single-layer
GP1BA,1,0,0,0,0,0,21,T4 STRING-only
IFI16,1,0,0,0,0,0,21,T4 STRING-only
IGFBP3,1,0,0,0,0,0,21,T4 STRING-only
IL12B,1,0,1,0,0,1,21,T3 single-layer
KLB,1,0,0,0,0,0,21,T4 STRING-only
KMT2C,1,0,0,0,0,0,21,T4 STRING-only
KMT2D,1,0,0,0,0,0,21,T4 STRING-only
LAMTOR5,1,0,0,0,0,0,21,T4 STRING-only
MOGAT2,1,0,0,0,0,0,21,T4 STRING-only
NPY,1,0,0,0,0,0,21,T4 STRING-only
ORM2,1,0,0,0,0,0,21,T4 STRING-only
PLA2G2D,1,0,0,0,0,0,21,T4 STRING-only
PLA2G2F,1,0,0,0,0,0,21,T4 STRING-only
PPP2R5C,1,0,0,0,0,0,21,T4 STRING-only
PSMA1,1,0,0,0,0,0,21,T4 STRING-only
PSMA4,1,0,0,0,0,0,21,T4 STRING-only
RETNLB,1,0,0,0,0,0,21,T4 STRING-only
RXRB,1,0,1,0,0,1,21,T3 single-layer
SERPINF2,1,0,0,0,0,0,21,T4 STRING-only
SLCO6A1,1,0,0,0,0,0,21,T4 STRING-only
SOD2-2,1,0,0,0,0,0,21,T4 STRING-only
STS,1,0,0,0,0,0,21,T4 STRING-only
SUCLA2,1,0,0,0,0,0,21,T4 STRING-only
SULT2B1,1,0,0,0,0,0,21,T4 STRING-only
THBS2,1,0,0,0,0,0,21,T4 STRING-only
ACSL4,1,0,0,0,0,0,20,T4 STRING-only
ADCY6,1,0,0,0,0,0,20,T4 STRING-only
ADCY7,1,0,0,0,0,0,20,T4 STRING-only
AGPAT1,1,0,0,0,0,0,20,T4 STRING-only
AGRN,1,0,0,0,0,0,20,T4 STRING-only
ALOX12,1,0,0,0,0,0,20,T4 STRING-only
ALOX12B,1,0,0,0,0,0,20,T4 STRING-only
ARHGEF7,1,0,0,0,0,0,20,T4 STRING-only
ATP12A,1,0,0,0,0,0,20,T4 STRING-only
ATP1A2,1,0,0,0,0,0,20,T4 STRING-only
ATP1B2,1,0,0,0,0,0,20,T4 STRING-only
AUP1,1,0,0,0,0,0,20,T4 STRING-only
BCO1,1,0,0,0,0,0,20,T4 STRING-only
BGLAP,1,0,0,0,0,0,20,T4 STRING-only
C4A,1,0,0,0,0,0,20,T4 STRING-only
CREB3L2,1,0,0,0,0,0,20,T4 STRING-only
CYP8B1,1,0,0,0,0,0,20,T4 STRING-only
GNA13,1,0,0,0,0,0,20,T4 STRING-only
IGF2R,1,0,0,0,0,0,20,T4 STRING-only
IL20RB,1,0,0,0,0,0,20,T4 STRING-only
IL22RA2,1,0,0,0,0,0,20,T4 STRING-only
LAMP2,1,0,0,0,0,0,20,T4 STRING-only
LAMTOR4,1,0,0,0,0,0,20,T4 STRING-only
LBR,1,0,0,0,0,0,20,T4 STRING-only
MARCHF6,1,0,0,0,0,0,20,T4 STRING-only
MED14,1,0,0,0,0,0,20,T4 STRING-only
MLYCD,1,0,0,0,0,0,20,T4 STRING-only
MSH6,1,0,0,0,0,0,20,T4 STRING-only
NPRL2,1,0,0,0,0,0,20,T4 STRING-only
NTF3,1,0,0,0,0,0,20,T4 STRING-only
NTRK3,1,0,0,0,0,0,20,T4 STRING-only
PAK1,1,0,0,0,0,0,20,T4 STRING-only
PC,1,0,0,0,0,0,20,T4 STRING-only
PCCA,1,0,0,0,0,0,20,T4 STRING-only
PLA2G4B,1,0,0,0,0,0,20,T4 STRING-only
PPP2R5A,1,0,0,0,0,0,20,T4 STRING-only
PPP2R5B,1,0,0,0,0,0,20,T4 STRING-only
PRLR,1,0,0,0,0,0,20,T4 STRING-only
PRNP,1,0,0,0,0,0,20,T4 STRING-only
PSME3,1,0,0,0,0,0,20,T4 STRING-only
PTH,1,0,0,0,0,0,20,T4 STRING-only
SAA4,1,0,0,0,0,0,20,T4 STRING-only
SELPLG,1,0,0,0,0,0,20,T4 STRING-only
TBC1D7,1,0,0,0,0,0,20,T4 STRING-only
TFEB,1,0,0,0,0,0,20,T4 STRING-only
TLR6,1,0,1,0,0,1,20,T3 single-layer
TNFRSF12A,1,0,0,0,0,0,20,T4 STRING-only
TNFSF9,1,0,0,0,0,0,20,T4 STRING-only
YBX1,1,0,0,0,0,0,20,T4 STRING-only
ACADM,1,0,0,0,0,0,19,T4 STRING-only
AGK,1,0,0,0,0,0,19,T4 STRING-only
CNTFR,1,0,0,0,0,0,19,T4 STRING-only
CRY1,1,0,0,0,0,0,19,T4 STRING-only
CYP19A1,1,0,0,0,0,0,19,T4 STRING-only
DNAJC10,1,0,0,0,0,0,19,T4 STRING-only
DPF3,1,0,0,0,0,0,19,T4 STRING-only
EREG,1,0,0,0,0,0,19,T4 STRING-only
FURIN,1,0,1,0,0,1,19,T3 single-layer
FXYD1,1,0,0,0,0,0,19,T4 STRING-only
HLA-B,1,0,0,0,0,0,19,T4 STRING-only
IL17RA,1,0,0,0,0,0,19,T4 STRING-only
IL1RAP,1,0,0,0,0,0,19,T4 STRING-only
IRF5,1,0,0,0,0,0,19,T4 STRING-only
NAMPT,1,0,0,0,0,0,19,T4 STRING-only
NLRP12,1,0,0,0,0,0,19,T4 STRING-only
NOX1,1,0,1,0,0,1,19,T3 single-layer
PALB2,1,0,0,0,0,0,19,T4 STRING-only
PER2,1,0,0,0,0,0,19,T4 STRING-only
PPP2R5D,1,0,0,0,0,0,19,T4 STRING-only
RNF139,1,0,0,0,0,0,19,T4 STRING-only
RORA,1,0,0,0,0,0,19,T4 STRING-only
SCIN,1,0,0,0,0,0,19,T4 STRING-only
SEC61A1,1,0,0,0,0,0,19,T4 STRING-only
SGK1,1,0,0,0,0,0,19,T4 STRING-only
SH3KBP1,1,0,0,0,0,0,19,T4 STRING-only
SLC10A1,1,0,0,0,0,0,19,T4 STRING-only
TERT,1,0,0,0,0,0,19,T4 STRING-only
TF,1,0,0,0,0,0,19,T4 STRING-only
UFD1,1,0,0,0,0,0,19,T4 STRING-only
UVRAG,1,0,0,0,0,0,19,T4 STRING-only
ACSL6,1,0,0,0,0,0,18,T4 STRING-only
ADCY2,1,0,0,0,0,0,18,T4 STRING-only
AKR1C3,1,0,0,0,0,0,18,T4 STRING-only
ALDH6A1,1,0,0,0,0,0,18,T4 STRING-only
ARID1B,1,0,0,0,0,0,18,T4 STRING-only
ATF6B,1,0,0,0,0,0,18,T4 STRING-only
BAIAP2,1,0,0,0,0,0,18,T4 STRING-only
CAMKK2,1,0,0,0,0,0,18,T4 STRING-only
CASP5,1,0,0,0,0,0,18,T4 STRING-only
CLOCK,1,0,0,0,0,0,18,T4 STRING-only
CP,1,0,0,0,0,0,18,T4 STRING-only
CYP7B1,1,0,0,0,0,0,18,T4 STRING-only
DDB1,1,0,0,0,0,0,18,T4 STRING-only
DUSP1,1,0,0,0,0,0,18,T4 STRING-only
ECHS1,1,0,0,0,0,0,18,T4 STRING-only
EEF2K,1,0,0,0,0,0,18,T4 STRING-only
ERG28,1,0,0,0,0,0,18,T4 STRING-only
FKBP8,1,0,0,0,0,0,18,T4 STRING-only
FLCN,1,0,0,0,0,0,18,T4 STRING-only
GGPS1,1,0,0,0,0,0,18,T4 STRING-only
GPAM,1,0,0,1,0,1,18,T3 single-layer
HYOU1,1,0,0,0,0,0,18,T4 STRING-only
IGKV1-33,1,0,0,0,0,0,18,T4 STRING-only
IL9R,1,0,0,0,0,0,18,T4 STRING-only
LOX,1,0,0,0,0,0,18,T4 STRING-only
MFN2,1,0,0,0,0,0,18,T4 STRING-only
MLXIPL,1,0,0,0,0,0,18,T4 STRING-only
MSTN,1,0,0,0,0,0,18,T4 STRING-only
NPRL3,1,0,0,0,0,0,18,T4 STRING-only
PAFAH1B2,1,0,0,0,0,0,18,T4 STRING-only
PLA2G4D,1,0,0,0,0,0,18,T4 STRING-only
PLAUR,1,0,0,0,0,0,18,T4 STRING-only
PLEK2,1,0,0,0,0,0,18,T4 STRING-only
PPARGC1B,1,0,0,0,0,0,18,T4 STRING-only
PPP2R5E,1,0,0,0,0,0,18,T4 STRING-only
PRTN3,1,0,0,0,0,0,18,T4 STRING-only
PSMB1,1,0,0,0,0,0,18,T4 STRING-only
PSME2,1,0,0,0,0,0,18,T4 STRING-only
SORL1,1,0,0,0,0,0,18,T4 STRING-only
ABCA2,1,0,0,0,0,0,17,T4 STRING-only
ABCD4,1,0,0,0,0,0,17,T4 STRING-only
ACTL6B,1,0,0,0,0,0,17,T4 STRING-only
ARNT,1,0,0,0,0,0,17,T4 STRING-only
BIN1,1,0,0,0,0,0,17,T4 STRING-only
CD70,1,0,0,0,0,0,17,T4 STRING-only
CGAS,1,0,0,0,0,0,17,T4 STRING-only
CRY2,1,0,0,0,0,0,17,T4 STRING-only
CYP3A7,1,0,0,0,0,0,17,T4 STRING-only
DEPDC5,1,0,0,0,0,0,17,T4 STRING-only
DLST,1,0,0,0,0,0,17,T4 STRING-only
DVL1,1,0,0,0,0,0,17,T4 STRING-only
ENSP00000480571,1,0,0,0,0,0,17,T4 STRING-only
GSK3A,1,0,0,0,0,0,17,T4 STRING-only
HK2,1,0,0,0,0,0,17,T4 STRING-only
HSD17B6,1,0,0,0,0,0,17,T4 STRING-only
IAPP,1,0,0,0,0,0,17,T4 STRING-only
IGKV1D-33,1,0,0,0,0,0,17,T4 STRING-only
LRP8,1,0,0,0,0,0,17,T4 STRING-only
LTB,1,0,0,0,0,0,17,T4 STRING-only
MLH1,1,0,0,0,0,0,17,T4 STRING-only
MMP13,1,0,0,0,0,0,17,T4 STRING-only
MMP14,1,0,0,0,0,0,17,T4 STRING-only
NAIP,1,0,0,0,0,0,17,T4 STRING-only
NFKBIB,1,0,0,0,0,0,17,T4 STRING-only
NR5A2,1,0,0,0,0,0,17,T4 STRING-only
PLA2G2E,1,0,0,0,0,0,17,T4 STRING-only
PLA2G4F,1,0,0,0,0,0,17,T4 STRING-only
PLD4,1,0,0,0,0,0,17,T4 STRING-only
PPP2R3A,1,0,0,0,0,0,17,T4 STRING-only
PSMB10,1,0,0,0,0,0,17,T4 STRING-only
PSMC6,1,0,0,0,0,0,17,T4 STRING-only
SESN1,1,0,0,0,0,0,17,T4 STRING-only
SLC2A1,1,0,0,0,0,0,17,T4 STRING-only
SLC38A9,1,0,0,0,0,0,17,T4 STRING-only
TIMP2,1,0,0,0,0,0,17,T4 STRING-only
TM7SF2,1,0,0,0,0,0,17,T4 STRING-only
ABCB6,1,0,0,0,0,0,16,T4 STRING-only
ABCB8,1,0,0,0,0,0,16,T4 STRING-only
ADCY3,1,0,0,0,0,0,16,T4 STRING-only
ADCY4,1,0,0,0,0,0,16,T4 STRING-only
ADIPOR1,1,0,0,0,0,0,16,T4 STRING-only
APOD,1,0,0,0,0,0,16,T4 STRING-only
ARHGEF2,1,0,0,0,0,0,16,T4 STRING-only
BCL3,1,0,0,0,0,0,16,T4 STRING-only
CARD8,1,0,0,0,0,0,16,T4 STRING-only
CASP2,1,0,0,0,0,0,16,T4 STRING-only
CPB2,1,0,0,0,0,0,16,T4 STRING-only
CPT1C,1,0,0,0,0,0,16,T4 STRING-only
CRH,1,0,0,0,0,0,16,T4 STRING-only
CST3,1,0,0,0,0,0,16,T4 STRING-only
CTF1,1,0,0,0,0,0,16,T4 STRING-only
DNTT,1,0,0,0,0,0,16,T4 STRING-only
EHMT1,1,0,0,0,0,0,16,T4 STRING-only
ESRRA,1,0,0,0,0,0,16,T4 STRING-only
FPR1,1,0,0,0,0,0,16,T4 STRING-only
G6PC2,1,0,0,0,0,0,16,T4 STRING-only
GYPA,1,0,0,0,0,0,16,T4 STRING-only
HSD3B7,1,0,0,0,0,0,16,T4 STRING-only
KLF5,1,0,0,0,0,0,16,T4 STRING-only
LIPF,1,0,0,0,0,0,16,T4 STRING-only
MAPKAPK2,1,0,0,0,0,0,16,T4 STRING-only
MBL2,1,0,0,0,0,0,16,T4 STRING-only
MBTPS1,1,0,1,0,0,1,16,T3 single-layer
MLKL,1,0,0,0,0,0,16,T4 STRING-only
NPLOC4,1,0,0,0,0,0,16,T4 STRING-only
NR1I3,1,0,0,0,0,0,16,T4 STRING-only
PAX8,1,0,0,0,0,0,16,T4 STRING-only
PLA2G12B,1,0,0,0,0,0,16,T4 STRING-only
PLA2G4E,1,0,0,0,0,0,16,T4 STRING-only
PLA2G5,1,0,0,0,0,0,16,T4 STRING-only
PNLIPRP1,1,0,0,0,0,0,16,T4 STRING-only
PSMB5,1,0,0,0,0,0,16,T4 STRING-only
PSME1,1,0,0,0,0,0,16,T4 STRING-only
RNF5,1,0,0,0,0,0,16,T4 STRING-only
SERPIND1,1,0,0,0,0,0,16,T4 STRING-only
SLC27A1,1,0,0,0,0,0,16,T4 STRING-only
SMARCD2,1,0,0,0,0,0,16,T4 STRING-only
TNFRSF25,1,0,0,0,0,0,16,T4 STRING-only
UCP2,1,0,0,0,0,0,16,T4 STRING-only
VPS35,1,0,0,0,0,0,16,T4 STRING-only
WASF1,1,0,0,0,0,0,16,T4 STRING-only
APPL1,1,0,0,0,0,0,15,T4 STRING-only
ARHGDIA,1,0,0,0,0,0,15,T4 STRING-only
C3AR1,1,0,0,0,0,0,15,T4 STRING-only
C9,1,0,0,0,0,0,15,T4 STRING-only
CASP4,1,0,0,0,0,0,15,T4 STRING-only
CFH,1,0,0,0,0,0,15,T4 STRING-only
COMP,1,0,0,0,0,0,15,T4 STRING-only
CYP27B1,1,0,0,0,0,0,15,T4 STRING-only
FABP6,1,0,0,0,0,0,15,T4 STRING-only
FKBP4,1,0,0,0,0,0,15,T4 STRING-only
GLI1,1,0,0,0,0,0,15,T4 STRING-only
IFIT3,1,0,0,0,0,0,15,T4 STRING-only
IL18R1,1,0,0,0,0,0,15,T4 STRING-only
IL1RL1,1,0,0,0,0,0,15,T4 STRING-only
LYPLA1,1,0,0,0,0,0,15,T4 STRING-only
MAP1A,1,0,0,0,0,0,15,T4 STRING-only
MBTPS2,1,0,1,0,0,1,15,T3 single-layer
MED15,1,0,0,0,0,0,15,T4 STRING-only
MED16,1,0,0,0,0,0,15,T4 STRING-only
MOGAT3,1,0,0,0,0,0,15,T4 STRING-only
NLRP2,1,0,0,0,0,0,15,T4 STRING-only
NLRP7,1,0,0,0,0,0,15,T4 STRING-only
NQO1,1,0,0,0,0,0,15,T4 STRING-only
PCK2,1,0,0,0,0,0,15,T4 STRING-only
PDK4,1,0,0,0,0,0,15,T4 STRING-only
PFKFB1,1,0,0,0,0,0,15,T4 STRING-only
PICALM,1,0,0,0,0,0,15,T4 STRING-only
PTDSS1,1,0,0,0,0,0,15,T4 STRING-only
RBP4,1,0,0,0,0,0,15,T4 STRING-only
SMARCD3,1,0,0,0,0,0,15,T4 STRING-only
TELO2,1,0,0,0,0,0,15,T4 STRING-only
TNIP2,1,0,0,0,0,0,15,T4 STRING-only
TOLLIP,1,0,0,0,0,0,15,T4 STRING-only
TRIM24,1,0,0,0,0,0,15,T4 STRING-only
TTI1,1,0,0,0,0,0,15,T4 STRING-only
TXNIP,1,0,0,0,0,0,15,T4 STRING-only
TXNRD2,1,0,0,0,0,0,15,T4 STRING-only
UBE2G2,1,0,0,0,0,0,15,T4 STRING-only
ACSBG1,1,0,0,0,0,0,14,T4 STRING-only
AP2B1,1,0,1,0,0,1,14,T3 single-layer
BPI,1,0,0,0,0,0,14,T4 STRING-only
C1QB,1,0,0,0,0,0,14,T4 STRING-only
C5AR1,1,0,0,0,0,0,14,T4 STRING-only
CCND3,1,0,0,0,0,0,14,T4 STRING-only
CEBPD,1,0,0,0,0,0,14,T4 STRING-only
DHX33,1,0,0,0,0,0,14,T4 STRING-only
EGR2,1,0,0,0,0,0,14,T4 STRING-only
EIF3B,1,0,0,0,0,0,14,T4 STRING-only
EIF4B,1,0,0,0,0,0,14,T4 STRING-only
GYS1,1,0,0,0,0,0,14,T4 STRING-only
GYS2,1,0,0,0,0,0,14,T4 STRING-only
IRAK3,1,0,0,0,0,0,14,T4 STRING-only
MCCC1,1,0,0,0,0,0,14,T4 STRING-only
MCCC2,1,0,0,0,0,0,14,T4 STRING-only
MED17,1,0,0,0,0,0,14,T4 STRING-only
MED24,1,0,0,0,0,0,14,T4 STRING-only
MRPS5,1,0,0,0,0,0,14,T4 STRING-only
NCSTN,1,0,0,0,0,0,14,T4 STRING-only
NF2,1,0,0,0,0,0,14,T4 STRING-only
PAFAH1B1,1,0,0,0,0,0,14,T4 STRING-only
PEMT,1,0,0,1,0,1,14,T3 single-layer
PFKFB2,1,0,0,0,0,0,14,T4 STRING-only
PMS2,1,0,0,0,0,0,14,T4 STRING-only
PNLIPRP3,1,0,0,0,0,0,14,T4 STRING-only
PREX1,1,0,0,0,0,0,14,T4 STRING-only
PRKAR1A,1,0,0,0,0,0,14,T4 STRING-only
PTK6,1,0,0,0,0,0,14,T4 STRING-only
RARS1,1,0,0,0,0,0,14,T4 STRING-only
RDH11,1,0,0,0,0,0,14,T4 STRING-only
RHOC,1,0,0,0,0,0,14,T4 STRING-only
TFAP2A,1,0,0,0,0,0,14,T4 STRING-only
TRPV1,1,0,0,0,0,0,14,T4 STRING-only
TUBA1B,1,0,0,0,0,0,14,T4 STRING-only
ACOT12,1,0,0,0,0,0,13,T4 STRING-only
ACSBG2,1,0,0,0,0,0,13,T4 STRING-only
APH1A,1,0,0,0,0,0,13,T4 STRING-only
COL4A2,1,0,0,0,0,0,13,T4 STRING-only
CPT2,1,0,0,0,0,0,13,T4 STRING-only
DEFA4,1,0,0,0,0,0,13,T4 STRING-only
DGKZ,1,0,0,0,0,0,13,T4 STRING-only
ETFA,1,0,0,0,0,0,13,T4 STRING-only
FAXDC2,1,0,0,0,0,0,13,T4 STRING-only
GNRH1,1,0,0,0,0,0,13,T4 STRING-only
GP9,1,0,0,0,0,0,13,T4 STRING-only
HTRA2,1,0,0,0,0,0,13,T4 STRING-only
IL16,1,0,0,0,0,0,13,T4 STRING-only
ITIH2,1,0,0,0,0,0,13,T4 STRING-only
MAP1S,1,0,0,0,0,0,13,T4 STRING-only
MAP3K8,1,0,0,0,0,0,13,T4 STRING-only
MMP12,1,0,0,0,0,0,13,T4 STRING-only
MMP8,1,0,0,0,0,0,13,T4 STRING-only
NCR3,1,0,0,0,0,0,13,T4 STRING-only
NFKBIE,1,0,0,0,0,0,13,T4 STRING-only
NLRC5,1,0,0,0,0,0,13,T4 STRING-only
NLRP4,1,0,0,0,0,0,13,T4 STRING-only
NLRP9,1,0,0,0,0,0,13,T4 STRING-only
NOTCH4,1,0,0,0,0,0,13,T4 STRING-only
NTF4,1,0,0,0,0,0,13,T4 STRING-only
NTS,1,0,0,0,0,0,13,T4 STRING-only
NTSR1,1,0,0,0,0,0,13,T4 STRING-only
OXCT1,1,0,0,0,0,0,13,T4 STRING-only
PFKFB3,1,0,0,0,0,0,13,T4 STRING-only
PHLPP1,1,0,0,0,0,0,13,T4 STRING-only
PRKAR2B,1,0,0,0,0,0,13,T4 STRING-only
RARB,1,0,0,0,0,0,13,T4 STRING-only
RHOG,1,0,0,0,0,0,13,T4 STRING-only
RNASEL,1,0,0,0,0,0,13,T4 STRING-only
THBS4,1,0,0,0,0,0,13,T4 STRING-only
TNFAIP6,1,0,0,0,0,0,13,T4 STRING-only
TNK2,1,0,0,0,0,0,13,T4 STRING-only
TOMM40,1,0,0,0,0,0,13,T4 STRING-only
TUBB,1,0,0,0,0,0,13,T4 STRING-only
VAMP2,1,0,0,0,0,0,13,T4 STRING-only
ABCC2,1,0,0,0,0,0,12,T4 STRING-only
ACHE,1,0,0,0,0,0,12,T4 STRING-only
ADRB3,1,0,0,0,0,0,12,T4 STRING-only
ARHGDIB,1,0,0,0,0,0,12,T4 STRING-only
ATP5F1B,1,0,0,0,0,0,12,T4 STRING-only
AZGP1,1,0,0,0,0,0,12,T4 STRING-only
CIDEC,1,0,0,0,0,0,12,T4 STRING-only
CLDN5,1,0,0,0,0,0,12,T4 STRING-only
CYP46A1,1,0,0,0,0,0,12,T4 STRING-only
DCLRE1C,1,0,0,0,0,0,12,T4 STRING-only
DGKA,1,0,0,0,0,0,12,T4 STRING-only
DGKE,1,0,0,0,0,0,12,T4 STRING-only
DGKQ,1,0,0,0,0,0,12,T4 STRING-only
ELOVL6,1,0,0,0,0,0,12,T4 STRING-only
G6PC3,1,0,0,0,0,0,12,T4 STRING-only
GGA3,1,0,0,0,0,0,12,T4 STRING-only
GIT1,1,0,0,0,0,0,12,T4 STRING-only
GTPBP1,1,0,0,0,0,0,12,T4 STRING-only
HLA-C,1,0,0,0,0,0,12,T4 STRING-only
HMGA1,1,0,0,0,0,0,12,T4 STRING-only
IL31,1,0,0,0,0,0,12,T4 STRING-only
MCAT,1,0,0,0,0,0,12,T4 STRING-only
MED30,1,0,0,0,0,0,12,T4 STRING-only
NFKBIZ,1,0,0,0,0,0,12,T4 STRING-only
NOXA1,1,0,0,0,0,0,12,T4 STRING-only
NOXO1,1,0,0,0,0,0,12,T4 STRING-only
NPAS2,1,0,0,0,0,0,12,T4 STRING-only
NR0B1,1,0,0,0,0,0,12,T4 STRING-only
OXCT2,1,0,0,0,0,0,12,T4 STRING-only
PADI4,1,0,0,0,0,0,12,T4 STRING-only
PRKAR2A,1,0,0,0,0,0,12,T4 STRING-only
PRR5,1,0,0,0,0,0,12,T4 STRING-only
PTX3,1,0,0,0,0,0,12,T4 STRING-only
RNASE3,1,0,0,0,0,0,12,T4 STRING-only
SERPINA3,1,0,0,0,0,0,12,T4 STRING-only
SLC10A2,1,0,0,0,0,0,12,T4 STRING-only
STN1,1,0,0,0,0,0,12,T4 STRING-only
STRADA,1,0,0,0,0,0,12,T4 STRING-only
TNFRSF13B,1,0,0,0,0,0,12,T4 STRING-only
TRIB3,1,0,0,0,0,0,12,T4 STRING-only
WNT5A,1,0,0,0,0,0,12,T4 STRING-only
ADH6,1,0,0,0,0,0,11,T4 STRING-only
AZU1,1,0,0,0,0,0,11,T4 STRING-only
BHLHE40,1,0,0,0,0,0,11,T4 STRING-only
CAB39,1,0,0,0,0,0,11,T4 STRING-only
CIDEA,1,0,0,0,0,0,11,T4 STRING-only
CRYGC,1,0,0,0,0,0,11,T4 STRING-only
CYFIP2,1,0,0,0,0,0,11,T4 STRING-only
DGKB,1,0,0,0,0,0,11,T4 STRING-only
DHRS3,1,0,0,0,0,0,11,T4 STRING-only
DHRS4,1,0,0,0,0,0,11,T4 STRING-only
DHRS9,1,0,0,0,0,0,11,T4 STRING-only
DUOX1,1,0,0,0,0,0,11,T4 STRING-only
EDEM3,1,0,0,0,0,0,11,T4 STRING-only
EIF2AK4,1,0,0,0,0,0,11,T4 STRING-only
ERLIN2,1,0,0,0,0,0,11,T4 STRING-only
GGA1,1,0,0,0,0,0,11,T4 STRING-only
GLI3,1,0,0,0,0,0,11,T4 STRING-only
GPAT4,1,0,0,0,0,0,11,T4 STRING-only
GPBAR1,1,0,0,0,0,0,11,T4 STRING-only
HDLBP,1,0,1,0,0,1,11,T3 single-layer
HM13,1,0,0,0,0,0,11,T4 STRING-only
KDM3B,1,0,0,0,0,0,11,T4 STRING-only
LYZ,1,0,0,0,0,0,11,T4 STRING-only
MAP3K3,1,0,0,0,0,0,11,T4 STRING-only
MSR1,1,0,0,0,0,0,11,T4 STRING-only
NOX3,1,0,0,0,0,0,11,T4 STRING-only
PFKFB4,1,0,0,0,0,0,11,T4 STRING-only
POU2F1,1,0,1,0,0,1,11,T3 single-layer
PRDM16,1,0,0,0,0,0,11,T4 STRING-only
PSAP,1,0,0,0,0,0,11,T4 STRING-only
PSENEN,1,0,0,0,0,0,11,T4 STRING-only
PYDC1,1,0,0,0,0,0,11,T4 STRING-only
RASSF1,1,0,0,0,0,0,11,T4 STRING-only
RDH10,1,0,0,0,0,0,11,T4 STRING-only
RDH12,1,0,0,0,0,0,11,T4 STRING-only
RELN,1,0,0,0,0,0,11,T4 STRING-only
RNF8,1,0,0,0,0,0,11,T4 STRING-only
SCARF1,1,0,0,0,0,0,11,T4 STRING-only
SCRIB,1,0,0,0,0,0,11,T4 STRING-only
SDC2,1,0,0,0,0,0,11,T4 STRING-only
SLC2A2,1,0,0,0,0,0,11,T4 STRING-only
SLC51A,1,0,0,0,0,0,11,T4 STRING-only
SLC51B,1,0,0,0,0,0,11,T4 STRING-only
SLCO1B1,1,0,0,0,0,0,11,T4 STRING-only
SPATA2,1,0,0,0,0,0,11,T4 STRING-only
STRADB,1,0,0,0,0,0,11,T4 STRING-only
THBS3,1,0,0,0,0,0,11,T4 STRING-only
TIE1,1,0,0,0,0,0,11,T4 STRING-only
TNIP1,1,0,0,0,0,0,11,T4 STRING-only
WEE1,1,0,0,0,0,0,11,T4 STRING-only
AACS,1,0,0,0,0,0,10,T4 STRING-only
ABHD5,1,0,0,0,0,0,10,T4 STRING-only
ADIPOR2,1,0,0,0,0,0,10,T4 STRING-only
AUH,1,0,0,0,0,0,10,T4 STRING-only
BCHE,1,0,0,0,0,0,10,T4 STRING-only
BMP1,1,0,0,0,0,0,10,T4 STRING-only
BRCC3,1,0,0,0,0,0,10,T4 STRING-only
CAB39L,1,0,0,0,0,0,10,T4 STRING-only
CDA,1,0,0,0,0,0,10,T4 STRING-only
CLDN7,1,0,0,0,0,0,10,T4 STRING-only
COQ2,1,0,0,0,0,0,10,T4 STRING-only
CRABP2,1,0,0,0,0,0,10,T4 STRING-only
CUBN,1,0,1,0,0,1,10,T3 single-layer
DAB1,1,0,0,0,0,0,10,T4 STRING-only
DDIT4,1,0,0,0,0,0,10,T4 STRING-only
DGKD,1,0,0,0,0,0,10,T4 STRING-only
EIF3F,1,0,0,0,0,0,10,T4 STRING-only
FFAR4,1,0,0,0,0,0,10,T4 STRING-only
FNIP1,1,0,0,0,0,0,10,T4 STRING-only
FSCN1,1,0,0,0,0,0,10,T4 STRING-only
GATB,1,0,0,0,0,0,10,T4 STRING-only
GLMN,1,0,0,0,0,0,10,T4 STRING-only
GOLPH3,1,0,0,0,0,0,10,T4 STRING-only
GP5,1,0,0,0,0,0,10,T4 STRING-only
HAMP,1,0,0,0,0,0,10,T4 STRING-only
IGBP1,1,0,0,0,0,0,10,T4 STRING-only
IL1R2,1,0,0,0,0,0,10,T4 STRING-only
IL1RL2,1,0,0,0,0,0,10,T4 STRING-only
LRP5,1,0,0,0,0,0,10,T4 STRING-only
LYVE1,1,0,0,0,0,0,10,T4 STRING-only
MAPK8IP1,1,0,0,0,0,0,10,T4 STRING-only
MIF,1,0,0,0,0,0,10,T4 STRING-only
MMEL1,1,0,0,0,0,0,10,T4 STRING-only
MS4A3,1,0,0,0,0,0,10,T4 STRING-only
MT-CYB,1,0,0,0,0,0,10,T4 STRING-only
PAFAH1B3,1,0,0,0,0,0,10,T4 STRING-only
PDIA4,1,0,0,0,0,0,10,T4 STRING-only
PLIN2,1,0,0,0,0,0,10,T4 STRING-only
PROCR,1,0,0,0,0,0,10,T4 STRING-only
RARG,1,0,0,0,0,0,10,T4 STRING-only
S100A12,1,0,0,0,0,0,10,T4 STRING-only
SLCO1A2,1,0,0,0,0,0,10,T4 STRING-only
SMPD2,1,0,0,0,0,0,10,T4 STRING-only
STIM2,1,0,0,0,0,0,10,T4 STRING-only
TBC1D1,1,0,0,0,0,0,10,T4 STRING-only
TBC1D4,1,0,0,0,0,0,10,T4 STRING-only
TNFRSF21,1,0,0,0,0,0,10,T4 STRING-only
TNFSF8,1,0,0,0,0,0,10,T4 STRING-only
UCP3,1,0,0,0,0,0,10,T4 STRING-only
VAMP7,1,0,0,0,0,0,10,T4 STRING-only
ZFP36,1,0,0,0,0,0,10,T4 STRING-only
ABCA7,1,0,0,0,0,0,9,T4 STRING-only
ABCB4,1,0,0,0,0,0,9,T4 STRING-only
ABCC4,1,0,0,0,0,0,9,T4 STRING-only
ABCC8,1,0,0,0,0,0,9,T4 STRING-only
ADH7,1,0,0,0,0,0,9,T4 STRING-only
ALDH18A1,1,0,0,0,0,0,9,T4 STRING-only
APOO,1,0,0,0,0,0,9,T4 STRING-only
BAG4,1,0,0,0,0,0,9,T4 STRING-only
CES1,1,0,0,0,0,0,9,T4 STRING-only
CFB,1,0,0,0,0,0,9,T4 STRING-only
CFP,1,0,0,0,0,0,9,T4 STRING-only
CLDN1,1,0,0,0,0,0,9,T4 STRING-only
DGKI,1,0,0,0,0,0,9,T4 STRING-only
EBF1,1,0,0,0,0,0,9,T4 STRING-only
FABP5,1,0,0,0,0,0,9,T4 STRING-only
FAM8A1,1,0,0,0,0,0,9,T4 STRING-only
FBXO32,1,0,0,0,0,0,9,T4 STRING-only
FXR1,1,0,0,0,0,0,9,T4 STRING-only
GART,1,0,0,0,0,0,9,T4 STRING-only
GAS6,1,0,0,0,0,0,9,T4 STRING-only
GDPD1,1,0,0,0,0,0,9,T4 STRING-only
GDPD3,1,0,0,0,0,0,9,T4 STRING-only
GK,1,0,0,0,0,0,9,T4 STRING-only
GK2,1,0,0,0,0,0,9,T4 STRING-only
GPAT3,1,0,0,0,0,0,9,T4 STRING-only
GRN,1,0,0,0,0,0,9,T4 STRING-only
KPNB1,1,0,0,0,0,0,9,T4 STRING-only
LBP,1,0,1,0,0,1,9,T3 single-layer
MATK,1,0,0,0,0,0,9,T4 STRING-only
MED20,1,0,0,0,0,0,9,T4 STRING-only
MMP10,1,0,0,0,0,0,9,T4 STRING-only
OLR1,1,0,1,0,0,1,9,T3 single-layer
PPT1,1,0,0,0,0,0,9,T4 STRING-only
PRR5L,1,0,0,0,0,0,9,T4 STRING-only
RDH8,1,0,0,0,0,0,9,T4 STRING-only
SCD5,1,0,0,0,0,0,9,T4 STRING-only
SLC25A20,1,0,0,0,0,0,9,T4 STRING-only
SMPD1,1,0,0,0,0,0,9,T4 STRING-only
STAB2,1,0,0,0,0,0,9,T4 STRING-only
TET1,1,0,0,0,0,0,9,T4 STRING-only
USP33,1,0,0,0,0,0,9,T4 STRING-only
ABCC3,1,0,0,0,0,0,8,T4 STRING-only
APOBEC3G,1,0,0,0,0,0,8,T4 STRING-only
ASS1,1,0,0,0,0,0,8,T4 STRING-only
CHAF1B,1,0,0,0,0,0,8,T4 STRING-only
CLIP1,1,0,0,0,0,0,8,T4 STRING-only
CYP39A1,1,0,0,0,0,0,8,T4 STRING-only
DAB2IP,1,0,0,0,0,0,8,T4 STRING-only
DGKG,1,0,0,0,0,0,8,T4 STRING-only
DISC1,1,0,0,0,0,0,8,T4 STRING-only
EDEM2,1,0,0,0,0,0,8,T4 STRING-only
FDX1,1,0,0,0,0,0,8,T4 STRING-only
GGA2,1,0,0,0,0,0,8,T4 STRING-only
GPR55,1,0,0,0,0,0,8,T4 STRING-only
GPS2,1,0,0,0,0,0,8,T4 STRING-only
HELZ2,1,0,0,0,0,0,8,T4 STRING-only
IL1F10,1,0,0,0,0,0,8,T4 STRING-only
IL32,1,0,0,0,0,0,8,T4 STRING-only
IL37,1,0,0,0,0,0,8,T4 STRING-only
KCNJ11,1,0,0,0,0,0,8,T4 STRING-only
MARK2,1,0,0,0,0,0,8,T4 STRING-only
MTHFR,1,0,0,0,0,0,8,T4 STRING-only
OXSM,1,0,0,0,0,0,8,T4 STRING-only
PDK1,1,0,0,0,0,0,8,T4 STRING-only
PKN2,1,0,0,0,0,0,8,T4 STRING-only
PLXNB1,1,0,0,0,0,0,8,T4 STRING-only
PPT2,1,0,0,0,0,0,8,T4 STRING-only
PRKAR1B,1,0,0,0,0,0,8,T4 STRING-only
S100A9,1,0,0,0,0,0,8,T4 STRING-only
SDR16C5,1,0,0,0,0,0,8,T4 STRING-only
SDR42E1,1,0,0,0,0,0,8,T4 STRING-only
SERPINA7,1,0,0,0,0,0,8,T4 STRING-only
SLC27A4,1,0,0,0,0,0,8,T4 STRING-only
TBKBP1,1,0,0,0,0,0,8,T4 STRING-only
TCL1A,1,0,0,0,0,0,8,T4 STRING-only
THRAP3,1,0,0,0,0,0,8,T4 STRING-only
UMOD,1,0,0,0,0,0,8,T4 STRING-only
VPS26A,1,0,0,0,0,0,8,T4 STRING-only
A1CF,1,0,0,0,0,0,7,T4 STRING-only
ADAMTS5,1,0,0,0,0,0,7,T4 STRING-only
AGXT,1,0,0,0,0,0,7,T4 STRING-only
APBB1,1,0,0,0,0,0,7,T4 STRING-only
AZI2,1,0,0,0,0,0,7,T4 STRING-only
CARTPT,1,0,0,0,0,0,7,T4 STRING-only
CEBPE,1,0,0,0,0,0,7,T4 STRING-only
CHI3L1,1,0,0,0,0,0,7,T4 STRING-only
CLEC4M,1,0,0,0,0,0,7,T4 STRING-only
COASY,1,0,0,0,0,0,7,T4 STRING-only
CYP2A13,1,0,0,0,0,0,7,T4 STRING-only
DDOST,1,0,0,0,0,0,7,T4 STRING-only
FGL1,1,0,0,0,0,0,7,T4 STRING-only
FKBP3,1,0,0,0,0,0,7,T4 STRING-only
GP2,1,0,0,0,0,0,7,T4 STRING-only
GPR119,1,0,0,0,0,0,7,T4 STRING-only
GULP1,1,0,0,0,0,0,7,T4 STRING-only
HBA2,1,0,0,0,0,0,7,T4 STRING-only
HBB,1,0,0,0,0,0,7,T4 STRING-only
HERPUD1,1,0,0,0,0,0,7,T4 STRING-only
HLCS,1,0,0,0,0,0,7,T4 STRING-only
HMMR,1,0,0,0,0,0,7,T4 STRING-only
IL36RN,1,0,0,0,0,0,7,T4 STRING-only
KHSRP,1,0,0,0,0,0,7,T4 STRING-only
MIB2,1,0,1,0,0,1,7,T3 single-layer
PDZK1,1,0,0,0,0,0,7,T4 STRING-only
PTGIS,1,0,0,0,0,0,7,T4 STRING-only
RDH16,1,0,0,0,0,0,7,T4 STRING-only
RPE65,1,0,0,0,0,0,7,T4 STRING-only
RPN1,1,0,0,0,0,0,7,T4 STRING-only
SAA2-SAA4,1,0,0,0,0,0,7,T4 STRING-only
SFTPD,1,0,0,0,0,0,7,T4 STRING-only
SLCO1B3,1,0,0,0,0,0,7,T4 STRING-only
SNX2,1,0,0,0,0,0,7,T4 STRING-only
STX1A,1,0,0,0,0,0,7,T4 STRING-only
TCF4,1,0,0,0,0,0,7,T4 STRING-only
TRAF4,1,0,0,0,0,0,7,T4 STRING-only
TYR,1,0,0,0,0,0,7,T4 STRING-only
UBAP2L,1,0,0,0,0,0,7,T4 STRING-only
ZC3H12A,1,0,0,0,0,0,7,T4 STRING-only
ACOT8,1,0,0,0,0,0,6,T4 STRING-only
ACSF3,1,0,0,0,0,0,6,T4 STRING-only
ADGRB1,1,0,0,0,0,0,6,T4 STRING-only
AIP,1,0,0,0,0,0,6,T4 STRING-only
AMOTL1,1,0,0,0,0,0,6,T4 STRING-only
BMP6,1,0,0,0,0,0,6,T4 STRING-only
CADM1,1,0,0,0,0,0,6,T4 STRING-only
CHIT1,1,0,0,0,0,0,6,T4 STRING-only
CLEC4E,1,0,0,0,0,0,6,T4 STRING-only
CLPS,1,0,0,0,0,0,6,T4 STRING-only
COQ6,1,0,0,0,0,0,6,T4 STRING-only
DEK,1,0,0,0,0,0,6,T4 STRING-only
EIF4EBP2,1,0,0,0,0,0,6,T4 STRING-only
EPX,1,0,0,0,0,0,6,T4 STRING-only
FABP3,1,0,0,0,0,0,6,T4 STRING-only
FDXR,1,0,0,0,0,0,6,T4 STRING-only
FFAR1,1,0,0,0,0,0,6,T4 STRING-only
GBP5,1,0,0,0,0,0,6,T4 STRING-only
GNRH2,1,0,0,0,0,0,6,T4 STRING-only
IL36B,1,0,0,0,0,0,6,T4 STRING-only
ITIH3,1,0,0,0,0,0,6,T4 STRING-only
LILRB4,1,0,0,0,0,0,6,T4 STRING-only
MAN1B1,1,0,0,0,0,0,6,T4 STRING-only
MAT2B,1,0,0,0,0,0,6,T4 STRING-only
MIS12,1,0,0,0,0,0,6,T4 STRING-only
NFYA,1,0,0,0,0,0,6,T4 STRING-only
OTULIN,1,0,0,0,0,0,6,T4 STRING-only
RBP2,1,0,0,0,0,0,6,T4 STRING-only
RDH5,1,0,0,0,0,0,6,T4 STRING-only
S1PR2,1,0,0,0,0,0,6,T4 STRING-only
SEL1L2,1,0,0,0,0,0,6,T4 STRING-only
SESN3,1,0,0,0,0,0,6,T4 STRING-only
SMPD3,1,0,0,0,0,0,6,T4 STRING-only
SNX17,1,0,0,0,0,0,6,T4 STRING-only
SPTLC1,1,0,0,0,0,0,6,T4 STRING-only
STAB1,1,0,0,1,0,1,6,T3 single-layer
SUGT1,1,0,0,0,0,0,6,T4 STRING-only
TCL1B,1,0,0,0,0,0,6,T4 STRING-only
THEM4,1,0,0,0,0,0,6,T4 STRING-only
TNFRSF11A,1,0,0,0,0,0,6,T4 STRING-only
TUBB4A,1,0,0,0,0,0,6,T4 STRING-only
UTRN,1,0,0,0,0,0,6,T4 STRING-only
ABRAXAS2,1,0,0,0,0,0,5,T4 STRING-only
ACOT2,1,0,0,0,0,0,5,T4 STRING-only
ACSF2,1,0,0,0,0,0,5,T4 STRING-only
APOBEC3A,1,0,0,0,0,0,5,T4 STRING-only
ARHGAP5,1,0,0,0,0,0,5,T4 STRING-only
ATP6V1A,1,0,0,0,0,0,5,T4 STRING-only
ATP8B1,1,0,0,0,0,0,5,T4 STRING-only
DGKH,1,0,0,0,0,0,5,T4 STRING-only
GUSB,1,0,0,0,0,0,5,T4 STRING-only
IGHV3-72,1,0,0,0,0,0,5,T4 STRING-only
IL36G,1,0,0,0,0,0,5,T4 STRING-only
INS-IGF2,1,0,0,0,0,0,5,T4 STRING-only
LYZL1,1,0,0,0,0,0,5,T4 STRING-only
MTCP1,1,0,0,0,0,0,5,T4 STRING-only
NAT1,1,0,0,0,0,0,5,T4 STRING-only
NAT2,1,0,0,0,0,0,5,T4 STRING-only
NKX3-1,1,0,0,0,0,0,5,T4 STRING-only
NR2F2,1,0,0,0,0,0,5,T4 STRING-only
P2RX7,1,0,0,0,0,0,5,T4 STRING-only
PCSK5,1,0,1,0,0,1,5,T3 single-layer
PDK2,1,0,0,0,0,0,5,T4 STRING-only
PGRMC1,1,0,0,0,0,0,5,T4 STRING-only
PHLPP2,1,0,0,0,0,0,5,T4 STRING-only
PLA2R1,1,0,0,0,0,0,5,T4 STRING-only
PLIN3,1,0,0,0,0,0,5,T4 STRING-only
PTGES,1,0,0,0,0,0,5,T4 STRING-only
SEC24B,1,0,0,0,0,0,5,T4 STRING-only
SLC27A5,1,0,0,0,0,0,5,T4 STRING-only
SORCS2,1,0,0,0,0,0,5,T4 STRING-only
THRSP,1,0,0,0,0,0,5,T4 STRING-only
TREM1,1,0,0,0,0,0,5,T4 STRING-only
UBIAD1,1,0,0,0,0,0,5,T4 STRING-only
ACOT1,1,0,0,0,0,0,4,T4 STRING-only
AKR1C4,1,0,0,0,0,0,4,T4 STRING-only
AMN,1,0,1,0,0,1,4,T3 single-layer
ANXA6,1,0,0,0,0,0,4,T4 STRING-only
APOBEC1,1,0,0,0,0,0,4,T4 STRING-only
APOBEC2,1,0,0,0,0,0,4,T4 STRING-only
APOBEC3B,1,0,0,0,0,0,4,T4 STRING-only
APOBEC3C,1,0,0,0,0,0,4,T4 STRING-only
APOBEC3F,1,0,0,0,0,0,4,T4 STRING-only
AWAT1,1,0,0,0,0,0,4,T4 STRING-only
BAAT,1,0,0,0,0,0,4,T4 STRING-only
BPIFA1,1,0,0,0,0,0,4,T4 STRING-only
CCM2,1,0,0,0,0,0,4,T4 STRING-only
CHD9,1,0,0,0,0,0,4,T4 STRING-only
CYP2R1,1,0,0,0,0,0,4,T4 STRING-only
DGKK,1,0,0,0,0,0,4,T4 STRING-only
ELOVL2,1,0,0,0,0,0,4,T4 STRING-only
ERAP1,1,0,0,0,0,0,4,T4 STRING-only
ERGIC2,1,0,0,0,0,0,4,T4 STRING-only
FAM20C,1,0,0,0,0,0,4,T4 STRING-only
FOXO6,1,0,0,0,0,0,4,T4 STRING-only
FOXRED2,1,0,0,0,0,0,4,T4 STRING-only
FTO,1,0,0,0,0,0,4,T4 STRING-only
KYNU,1,0,0,0,0,0,4,T4 STRING-only
NEK7,1,0,0,0,0,0,4,T4 STRING-only
NSMAF,1,0,0,0,0,0,4,T4 STRING-only
PLIN5,1,0,0,0,0,0,4,T4 STRING-only
PNPLA8,1,0,0,0,0,0,4,T4 STRING-only
PPAT,1,0,0,0,0,0,4,T4 STRING-only
RNASE2,1,0,0,0,0,0,4,T4 STRING-only
SEC24C,1,0,0,0,0,0,4,T4 STRING-only
SNTB1,1,0,0,0,0,0,4,T4 STRING-only
TMEM97,1,0,0,0,0,0,4,T4 STRING-only
ZFP36L1,1,0,0,0,0,0,4,T4 STRING-only
ZNF423,1,0,0,0,0,0,4,T4 STRING-only
AFM,1,0,0,0,0,0,3,T4 STRING-only
ANGPTL1,1,0,0,0,0,0,3,T4 STRING-only
ARHGEF18,1,0,0,0,0,0,3,T4 STRING-only
ARMS2,1,0,0,0,0,0,3,T4 STRING-only
BUD13,1,0,0,0,0,0,3,T4 STRING-only
CA8,1,0,0,0,0,0,3,T4 STRING-only
CCKBR,1,0,0,0,0,0,3,T4 STRING-only
CELSR2,1,0,0,1,0,1,3,T3 single-layer
CLEC3B,1,0,0,0,0,0,3,T4 STRING-only
COQ3,1,0,0,0,0,0,3,T4 STRING-only
EBF2,1,0,0,0,0,0,3,T4 STRING-only
GPHN,1,0,0,0,0,0,3,T4 STRING-only
HAP1,1,0,0,0,0,0,3,T4 STRING-only
LPXN,1,0,0,0,0,0,3,T4 STRING-only
MXD1,1,0,0,0,0,0,3,T4 STRING-only
NAAA,1,0,0,0,0,0,3,T4 STRING-only
NAXE,1,0,0,0,0,0,3,T4 STRING-only
NPHP1,1,0,0,0,0,0,3,T4 STRING-only
OSBP,1,0,0,0,0,0,3,T4 STRING-only
PEX11A,1,0,0,0,0,0,3,T4 STRING-only
PLIN4,1,0,0,0,0,0,3,T4 STRING-only
PRG2,1,0,0,0,0,0,3,T4 STRING-only
PSRC1,1,0,0,0,0,0,3,T4 STRING-only
RAP2A,1,0,0,0,0,0,3,T4 STRING-only
RHEBL1,1,0,0,0,0,0,3,T4 STRING-only
RNF145,1,0,0,0,0,0,3,T4 STRING-only
SNTB2,1,0,0,0,0,0,3,T4 STRING-only
SORCS1,1,0,0,0,0,0,3,T4 STRING-only
STK11IP,1,0,0,0,0,0,3,T4 STRING-only
TIMD4,1,0,0,0,0,0,3,T4 STRING-only
TLCD3B,1,0,0,0,0,0,3,T4 STRING-only
UBXN4,1,0,0,0,0,0,3,T4 STRING-only
VENTX,1,0,0,0,0,0,3,T4 STRING-only
ZPR1,1,0,0,0,0,0,3,T4 STRING-only
AKTIP,1,0,0,0,0,0,2,T4 STRING-only
ALG1,1,0,0,0,0,0,2,T4 STRING-only
ALG6,1,0,0,0,0,0,2,T4 STRING-only
AP1S2,1,0,0,0,0,0,2,T4 STRING-only
ARFIP1,1,0,0,0,0,0,2,T4 STRING-only
CCDC160,1,0,0,0,0,0,2,T4 STRING-only
CCDC88A,1,0,0,0,0,0,2,T4 STRING-only
CES3,1,0,1,0,0,1,2,T3 single-layer
CHID1,1,0,0,0,0,0,2,T4 STRING-only
CYP2A7,1,0,1,0,0,1,2,T3 single-layer
EDAR,1,0,0,0,0,0,2,T4 STRING-only
ELAC2,1,0,0,0,0,0,2,T4 STRING-only
FAM120B,1,0,0,0,0,0,2,T4 STRING-only
GADD45GIP1,1,0,0,0,0,0,2,T4 STRING-only
GM2A,1,0,0,0,0,0,2,T4 STRING-only
INHBE,1,0,0,0,0,0,2,T4 STRING-only
ISX,1,0,0,0,0,0,2,T4 STRING-only
K7ERJ3_HUMAN,1,0,0,0,0,0,2,T4 STRING-only
LSR,1,0,1,0,0,1,2,T3 single-layer
LTA4H,1,0,0,0,0,0,2,T4 STRING-only
MADD,1,0,0,1,0,1,2,T3 single-layer
MAF1,1,0,0,0,0,0,2,T4 STRING-only
MTDH,1,0,0,0,0,0,2,T4 STRING-only
NUAK1,1,0,0,0,0,0,2,T4 STRING-only
PI3,1,0,0,0,0,0,2,T4 STRING-only
PON3,1,0,0,0,0,0,2,T4 STRING-only
PRSS58,1,0,0,0,0,0,2,T4 STRING-only
PSKH1,1,0,0,0,0,0,2,T4 STRING-only
SCGB1D2,1,0,0,0,0,0,2,T4 STRING-only
SH3RF1,1,0,0,0,0,0,2,T4 STRING-only
TRIM31,1,0,0,0,0,0,2,T4 STRING-only
ABCG4,1,0,0,0,0,0,1,T4 STRING-only
ADIRF,1,0,0,0,0,0,1,T4 STRING-only
COLEC12,1,0,0,0,0,0,1,T4 STRING-only
DDX19A,1,0,0,0,0,0,1,T4 STRING-only
DSCAML1,1,0,0,0,0,0,1,T4 STRING-only
DUT,1,0,0,0,0,0,1,T4 STRING-only
GOLPH3L,1,0,0,0,0,0,1,T4 STRING-only
GPA33,1,0,0,0,0,0,1,T4 STRING-only
GPANK1,1,0,0,0,0,0,1,T4 STRING-only
GPR85,1,0,0,0,0,0,1,T4 STRING-only
GRAMD1B,1,0,0,0,0,0,1,T4 STRING-only
LIPI,1,0,0,0,0,0,1,T4 STRING-only
LMF2,1,0,1,0,0,1,1,T3 single-layer
LRP10,1,0,0,0,0,0,1,T4 STRING-only
MANBA,1,0,0,0,0,0,1,T4 STRING-only
MGAT1,1,0,0,0,0,0,1,T4 STRING-only
MTF1,1,0,0,0,0,0,1,T4 STRING-only
NIPSNAP3A,1,0,0,0,0,0,1,T4 STRING-only
NUDT19,1,0,0,0,0,0,1,T4 STRING-only
PRG3,1,0,0,0,0,0,1,T4 STRING-only
PRSS57,1,0,0,0,0,0,1,T4 STRING-only
SMIM22,1,0,0,0,0,0,1,T4 STRING-only
SPPL2A,1,0,0,0,0,0,1,T4 STRING-only
SPPL2B,1,0,0,0,0,0,1,T4 STRING-only
VSIG2,1,0,0,0,0,0,1,T4 STRING-only
WDR6,1,0,0,0,0,0,1,T4 STRING-only
ZDHHC8,1,0,1,0,0,1,1,T3 single-layer
ZNF296,1,0,0,0,0,0,1,T4 STRING-only
ZNF467,1,0,0,0,0,0,1,T4 STRING-only
ZNF638,1,0,0,0,0,0,1,T4 STRING-only
