module_id,module_name,module_size,top_genes,enriched_go_terms,enrichment_p_value
M1,Broad metabolic and signalling regulation,401,AKT1; TP53; HSP90AA1; CTNNB1; MAPK3; BCL2; ACTB; JUN; PPARG; MYC; EP300; GAPDH; ESR1; MAPK1; HSP90AB1; CASP3; PTEN; CREBBP; HIF1A; FOXO1,GO:0009893~positive regulation of metabolic process; GO:0010604~positive regulation of macromolecule metabolic process; GO:0080090~regulation of primary metabolic process; GO:0048522~positive regulation of cellular process; GO:0009891~positive regulation of biosynthetic process,7.75e-90
M2,Lipid transport and metabolism,368,INS; ALB; APOE; MMP9; APP; PPARA; APOB; CD36; APOA1; SCARB1; LEP; SREBF1; CRP; LPL; SCARB2; MPO; DGAT1; APOH; CLU; VTN,GO:0006629~lipid metabolic process; GO:0006641~triglyceride metabolic process; GO:0010876~lipid localization; GO:0006639~acylglycerol metabolic process; GO:0006638~neutral lipid metabolic process,1.1e-82
M3,Growth-factor receptor signalling and cell migration,241,EGFR; SRC; FN1; CD44; EGF; ERBB2; GRB2; TGFB1; PIK3CA; KRAS; PIK3R1; RHOA; KIT; IGF1; PTPN11; FGF2; PDGFRB; CDC42; KDR; ITGB1,GO:0016477~cell migration; GO:0007169~cell surface receptor protein tyrosine kinase signaling pathway; GO:0007167~enzyme-linked receptor protein signaling pathway; GO:0048870~cell motility; GO:0030334~regulation of cell migration,2.44e-107
M4,Cytokine signalling and immune response,241,IL6; IL1B; STAT3; IFNG; IL10; CD4; CXCL8; IL2; CD8A; STAT1; IL4; CCL2; JAK2; CSF2; ITGAM; IL1A; PTPRC; ICAM1; CXCR4; CCL5,GO:0019221~cytokine-mediated signaling pathway; GO:0002376~immune system process; GO:0034097~response to cytokine; GO:1901652~response to peptide; GO:0071345~cellular response to cytokine stimulus,2.91e-151
M5,"Sterol, steroid and bile-acid biosynthesis",202,HMGCR; CYP7A1; SREBF2; ACACA; HMGCS1; SQLE; ACACB; NR1H4; CS; HMGCS2; ACAT2; NR0B2; ACOX1; LSS; FDFT1; ACAT1; DHCR7; CYP26A1; ACAA2; ABCG5,GO:0006629~lipid metabolic process; GO:0044281~small molecule metabolic process; GO:0006066~alcohol metabolic process; GO:0008202~steroid metabolic process; GO:0006694~steroid biosynthetic process,1.23e-117
M6,NF-kB and innate immune signalling,147,TNF; NFKB1; TLR4; RELA; TRAF6; TLR2; MYD88; CHUK; TNFRSF1A; IKBKB; NFKBIA; IKBKG; UBC; CASP8; TRAF2; CASP1; TLR3; TLR9; NLRP3; RIPK1,GO:0007249~canonical NF-kappaB signal transduction; GO:0043122~regulation of canonical NF-kappaB signal transduction; GO:0031347~regulation of defense response; GO:0006952~defense response; GO:0031349~positive regulation of defense response,5.49e-110
M7,TOR signalling and autophagy,114,MTOR; BECN1; SQSTM1; RPTOR; RPS6KB1; TSC2; STK11; PRKAA2; PRKAA1; RICTOR; PRKAG2; PRKAB1; PRKAB2; LAMP1; ATG5; RHEB; MLST8; TSC1; PRKAG1; AKT1S1,GO:0031929~TOR signaling; GO:0031669~cellular response to nutrient levels; GO:0038202~TORC1 signaling; GO:0006914~autophagy; GO:0061919~process utilizing autophagic mechanism,1.6e-57
M8,ER-associated degradation and ER stress,75,HSPA5; VCP; CALR; HSP90B1; CANX; SEL1L; SORT1; XBP1; OS9; SYVN1; ERN1; ATF6; P4HB; PSMD14; AMFR; ERLEC1; DERL1; PSMC5; EDEM1; FAF2,GO:0036503~ERAD pathway; GO:0034976~response to endoplasmic reticulum stress; GO:0010498~proteasomal protein catabolic process; GO:0030163~protein catabolic process; GO:0009057~macromolecule catabolic process,1.93e-65
M9,Phospholipid metabolism,63,PTGS2; PLA2G7; PLD2; CYP2E1; PLAAT3; PLA2G4A; PLA2G6; MBOAT2; PLD1; CHPT1; ALOX15; PLA2G2A; LPCAT1; CEPT1; PLB1; LPCAT2; ALOX5; PLA2G10; PLA2G1B; PTGS1,GO:0006629~lipid metabolic process; GO:0006644~phospholipid metabolic process; GO:0006650~glycerophospholipid metabolic process; GO:0046486~glycerolipid metabolic process; GO:0046470~phosphatidylcholine metabolic process,9.66e-70
