gene,trait,snp,chromosome,position,p_value,beta,se,sample_size,study,in_lipokg
LDLR,LDL cholesterol,rs6511720,19,11202306,3.86e-2298,-0.2086,0.002,1458980,Graham et al. 2021 GLGC,TRUE
APOB,LDL cholesterol,rs1367117,2,21263900,1.22e-1018,0.0945,0.0014,1492090,Graham et al. 2021 GLGC,TRUE
PCSK9,LDL cholesterol,rs11591147,1,55505647,7.41e-1444,-0.4337,0.0053,1399060,Graham et al. 2021 GLGC,TRUE
HMGCR,LDL cholesterol,rs17238484,5,74648496,3.16e-327,0.0573,0.0015,1482930,Graham et al. 2021 GLGC,TRUE
APOE,LDL cholesterol,rs7412,19,45412079,1.09e-10101,-0.5174,0.0024,1457490,Graham et al. 2021 GLGC,TRUE
NPC1L1,LDL cholesterol,rs2073547,7,44582331,1.276e-88,0.0356,0.0018,1050170,Graham et al. 2021 GLGC,TRUE
ABCG5,LDL cholesterol,rs6720173,2,44040401,3.838e-29,-0.0183,0.0016,1491240,Graham et al. 2021 GLGC,TRUE
ABCG8,LDL cholesterol,rs11887534,2,44066247,8.23e-363,-0.1047,0.0026,1471170,Graham et al. 2021 GLGC,TRUE
LPA,LDL cholesterol,rs10455872,6,161010118,4.49e-391,0.1137,0.0027,1401420,Graham et al. 2021 GLGC,TRUE
CELSR2,LDL cholesterol,rs646776,1,109818530,5.43e-2050,-0.1461,0.0015,1477060,Graham et al. 2021 GLGC,TRUE
SORT1,LDL cholesterol,rs12740374,1,109817590,3.37e-2152,-0.1514,0.0015,1477060,Graham et al. 2021 GLGC,TRUE
MTTP,LDL cholesterol,rs1800591,4,100495488,8.3e-30,-0.0164,0.0014,1482930,Graham et al. 2021 GLGC,TRUE
LDLRAP1,LDL cholesterol,rs562556,1,55524237,4.05e-97,-0.0352,0.0017,1479820,Graham et al. 2021 GLGC,TRUE
TM6SF2,LDL cholesterol,rs58542926,19,19379549,2.30e-396,-0.1033,0.0024,1482930,Graham et al. 2021 GLGC,TRUE
PLTP,LDL cholesterol,rs2293889,8,116599199,1.825e-09,0.0079,0.0013,1479150,Graham et al. 2021 GLGC,TRUE
NCAN,LDL cholesterol,rs10401969,19,19407718,9.80e-321,-0.086,0.0022,1482930,Graham et al. 2021 GLGC,TRUE
TRIB1,LDL cholesterol,rs2954029,8,126490972,9.61e-339,-0.0494,0.0013,1480260,Graham et al. 2021 GLGC,TRUE
APOA1,HDL cholesterol,rs12225230,11,116728630,3.35e-137,0.0406,0.0016,1512720,Graham et al. 2021 GLGC,TRUE
ABCA1,HDL cholesterol,rs4148008,17,66875294,6.05e-52,-0.0196,0.0013,1540820,Graham et al. 2021 GLGC,TRUE
LPL,HDL cholesterol,rs12678919,8,19844222,4.26e-1080,0.1469,0.0021,1498350,Graham et al. 2021 GLGC,TRUE
APOC3,HDL cholesterol,rs2075291,11,116661392,6.56e-281,-0.2918,0.0081,1133330,Graham et al. 2021 GLGC,TRUE
CETP,HDL cholesterol,rs708272,16,56996288,3.26e-5000,0.1894,0.0012,1515010,Graham et al. 2021 GLGC,TRUE
LCAT,HDL cholesterol,rs16942887,16,67928042,5.05e-328,0.072,0.0019,1505960,Graham et al. 2021 GLGC,TRUE
LIPC,HDL cholesterol,rs10468017,15,58678512,2.71e-1255,0.1058,0.0014,1508020,Graham et al. 2021 GLGC,TRUE
APOE,HDL cholesterol,rs4420638,19,45422946,7.85e-383,-0.0681,0.0016,1520640,Graham et al. 2021 GLGC,TRUE
ANGPTL4,HDL cholesterol,rs116843064,19,8429323,1.05e-431,0.2153,0.0048,1362780,Graham et al. 2021 GLGC,TRUE
APOA5,HDL cholesterol,rs662799,11,116663707,2.55e-551,-0.1079,0.0021,1542100,Graham et al. 2021 GLGC,TRUE
GALNT2,HDL cholesterol,rs4846914,1,230295691,3.87e-305,-0.0482,0.0013,1507190,Graham et al. 2021 GLGC,TRUE
APOA2,HDL cholesterol,rs12678919,8,19844222,4.26e-1080,0.1469,0.0021,1498350,Graham et al. 2021 GLGC,TRUE
FADS1,HDL cholesterol,rs174537,11,61552680,4.15e-229,-0.043,0.0013,1516030,Graham et al. 2021 GLGC,TRUE
PLTP,HDL cholesterol,rs6065904,20,44534651,2.93e-234,-0.0486,0.0015,1488720,Graham et al. 2021 GLGC,TRUE
APOC2,HDL cholesterol,rs2075291,11,116661392,6.56e-281,-0.2918,0.0081,1133330,Graham et al. 2021 GLGC,TRUE
STAB1,HDL cholesterol,rs13326165,3,52532118,3.17e-37,0.0203,0.0016,1491820,Graham et al. 2021 GLGC,TRUE
GPAM,HDL cholesterol,rs10787428,10,113935379,5.294e-46,0.0178,0.0012,1507190,Graham et al. 2021 GLGC,TRUE
DOCK7,HDL cholesterol,rs1748195,1,63049593,3.481e-21,-0.0124,0.0013,1504550,Graham et al. 2021 GLGC,TRUE
TRIB1,HDL cholesterol,rs2954029,8,126490972,2.26e-142,0.0317,0.0012,1489700,Graham et al. 2021 GLGC,TRUE
MADD,HDL cholesterol,rs11039155,11,47280762,2.59e-140,0.048,0.0019,1457910,Graham et al. 2021 GLGC,TRUE
NR1H3,HDL cholesterol,rs11668477,19,11195030,1.77e-09,0.0094,0.0016,1477300,Graham et al. 2021 GLGC,TRUE
LPL,Triglycerides,rs12678919,8,19844222,5.80e-1449,-0.1693,0.0021,1507500,Graham et al. 2021 GLGC,TRUE
APOC3,Triglycerides,rs2075291,11,116661392,4.91e-333,0.3758,0.0096,1104080,Graham et al. 2021 GLGC,TRUE
GCKR,Triglycerides,rs780094,2,27741237,3.13e-1461,0.1049,0.0013,1519810,Graham et al. 2021 GLGC,TRUE
APOA5,Triglycerides,rs662799,11,116663707,1.56e-2417,0.2352,0.0022,1499810,Graham et al. 2021 GLGC,TRUE
LIPC,Triglycerides,rs12449157,16,67708897,4.574e-09,-0.0099,0.0017,1483100,Graham et al. 2021 GLGC,TRUE
FADS1,Triglycerides,rs174547,11,61570783,1.46e-319,0.0512,0.0013,1494790,Graham et al. 2021 GLGC,TRUE
FADS2,Triglycerides,rs174564,11,61588305,1.05e-323,0.0513,0.0013,1490590,Graham et al. 2021 GLGC,TRUE
APOE,Triglycerides,rs7412,19,45412079,6.94e-456,0.1084,0.0024,1484520,Graham et al. 2021 GLGC,TRUE
TRIB1,Triglycerides,rs2954029,8,126490972,2.71e-808,-0.0758,0.0012,1494240,Graham et al. 2021 GLGC,TRUE
TM6SF2,Triglycerides,rs58542926,19,19379549,5.73e-449,-0.1087,0.0024,1511660,Graham et al. 2021 GLGC,TRUE
PNPLA3,Triglycerides,rs738409,22,44324727,1.514e-23,-0.0147,0.0015,1510830,Graham et al. 2021 GLGC,TRUE
GALNT2,Triglycerides,rs4846914,1,230295691,1.95e-232,0.0418,0.0013,1516260,Graham et al. 2021 GLGC,TRUE
CETP,Triglycerides,rs1800775,16,56995236,1.76e-102,0.0265,0.0012,1504440,Graham et al. 2021 GLGC,TRUE
ANGPTL4,Triglycerides,rs116843064,19,8429323,4.55e-532,-0.2381,0.0048,1366660,Graham et al. 2021 GLGC,TRUE
APOC2,Triglycerides,rs2075291,11,116661392,4.91e-333,0.3758,0.0096,1104080,Graham et al. 2021 GLGC,TRUE
GPIHBP1,Triglycerides,rs12678919,8,19844222,5.80e-1449,-0.1693,0.0021,1507500,Graham et al. 2021 GLGC,TRUE
MLXIP,Triglycerides,rs17145738,7,72982874,1.71e-807,-0.1172,0.0019,1508170,Graham et al. 2021 GLGC,TRUE
PEMT,Triglycerides,rs7946,17,17409560,1.212e-16,0.0115,0.0014,1499380,Graham et al. 2021 GLGC,TRUE
GPAM,Triglycerides,rs10787428,10,113935379,3.937e-15,-0.0098,0.0012,1505300,Graham et al. 2021 GLGC,TRUE
DGAT1,Triglycerides,rs72691637,8,144306970,5.765e-17,-0.0134,0.0016,1475710,Graham et al. 2021 GLGC,TRUE
PLTP,Triglycerides,rs2293889,8,116599199,1.725e-08,0.0073,0.0013,1506520,Graham et al. 2021 GLGC,TRUE
APOB,Triglycerides,rs1367117,2,21263900,4.92e-38,0.0176,0.0014,1519810,Graham et al. 2021 GLGC,TRUE
APOA1,Triglycerides,rs12225230,11,116728630,9.068e-43,0.0223,0.0016,1510830,Graham et al. 2021 GLGC,TRUE
SORT1,Triglycerides,rs12740374,1,109817590,1.947e-14,-0.0115,0.0015,1504290,Graham et al. 2021 GLGC,TRUE
APOE,Total Cholesterol,rs429358,19,45411941,5.82e-2387,0.1769,0.0017,1627120,Graham et al. 2021 GLGC,TRUE
APOE,Total Cholesterol,rs7412,19,45412079,2.90e-4910,-0.344,0.0023,1625250,Graham et al. 2021 GLGC,TRUE
LDLR,Total Cholesterol,rs6511720,19,11202306,3.61e-1828,-0.1793,0.002,1566380,Graham et al. 2021 GLGC,TRUE
APOB,Total Cholesterol,rs1367117,2,21263900,1.28e-858,0.0839,0.0013,1590820,Graham et al. 2021 GLGC,TRUE
PCSK9,Total Cholesterol,rs11591147,1,55505647,3.01e-1163,-0.3773,0.0052,1492450,Graham et al. 2021 GLGC,TRUE
HMGCR,Total Cholesterol,rs12654264,5,74648603,1.30e-553,0.0623,0.0012,1593720,Graham et al. 2021 GLGC,TRUE
LPA,Total Cholesterol,rs10455872,6,161010118,1.16e-329,0.1008,0.0026,1498130,Graham et al. 2021 GLGC,TRUE
ABCG5,Total Cholesterol,rs6720173,2,44040401,1.638e-21,-0.015,0.0016,1589930,Graham et al. 2021 GLGC,TRUE
ABCG8,Total Cholesterol,rs11887534,2,44066247,5.79e-324,-0.0954,0.0025,1568900,Graham et al. 2021 GLGC,TRUE
NPC1L1,Total Cholesterol,rs2073547,7,44582331,3.735e-82,0.0316,0.0016,1208470,Graham et al. 2021 GLGC,TRUE
CELSR2,Total Cholesterol,rs646776,1,109818530,3.62e-1567,-0.1224,0.0014,1636620,Graham et al. 2021 GLGC,TRUE
SORT1,Total Cholesterol,rs12740374,1,109817590,1.76e-1623,-0.127,0.0015,1575420,Graham et al. 2021 GLGC,TRUE
MTTP,Total Cholesterol,rs1800591,4,100495488,2.929e-29,-0.0154,0.0014,1642610,Graham et al. 2021 GLGC,TRUE
TM6SF2,Total Cholesterol,rs58542926,19,19379549,4.07e-606,-0.1239,0.0024,1579920,Graham et al. 2021 GLGC,TRUE
CETP,Total Cholesterol,rs247616,16,56989590,1.37e-236,0.043,0.0013,1583160,Graham et al. 2021 GLGC,TRUE
LIPC,Total Cholesterol,rs10468017,15,58678512,1.03e-351,0.0544,0.0014,1587080,Graham et al. 2021 GLGC,TRUE
SCARB1,Total Cholesterol,rs838880,12,125261593,3.351e-34,0.0158,0.0013,1560750,Graham et al. 2021 GLGC,TRUE
LDLRAP1,Total Cholesterol,rs562556,1,55524237,1.994e-73,-0.0295,0.0016,1579640,Graham et al. 2021 GLGC,TRUE
NCAN,Total Cholesterol,rs10401969,19,19407718,4.07e-500,-0.1039,0.0022,1592230,Graham et al. 2021 GLGC,TRUE
GCKR,Total Cholesterol,rs1260326,2,27730940,8.16e-501,0.0603,0.0013,1588190,Graham et al. 2021 GLGC,TRUE
TRIB1,Total Cholesterol,rs2954029,8,126490972,8.40e-507,-0.0587,0.0012,1566270,Graham et al. 2021 GLGC,TRUE
FADS1,Total Cholesterol,rs174537,11,61552680,1.35e-217,-0.0404,0.0013,1622450,Graham et al. 2021 GLGC,TRUE
APOC3,Total Cholesterol,rs2075291,11,116661392,8.819e-11,0.048,0.0074,1201100,Graham et al. 2021 GLGC,TRUE
APOA5,Total Cholesterol,rs662799,11,116663707,6.17e-338,0.0813,0.0021,1636250,Graham et al. 2021 GLGC,TRUE
LCAT,Total Cholesterol,rs1476306,16,67973171,1.045e-31,0.0181,0.0015,1652370,Graham et al. 2021 GLGC,TRUE
PNPLA3,Total Cholesterol,rs738409,22,44324727,2.395e-76,-0.0266,0.0014,1580580,Graham et al. 2021 GLGC,TRUE
CILP2,Total Cholesterol,rs12975366,19,54759361,4.458e-17,-0.0114,0.0014,1516120,Graham et al. 2021 GLGC,TRUE
APOA1,Total Cholesterol,rs12225230,11,116728630,7.054e-86,0.0313,0.0016,1580580,Graham et al. 2021 GLGC,TRUE
APOA2,Total Cholesterol,rs3764261,16,56993324,5.93e-230,0.0422,0.0013,1571420,Graham et al. 2021 GLGC,TRUE
MADD,Total Cholesterol,rs11039155,11,47280762,8.999e-12,0.0127,0.0019,1525790,Graham et al. 2021 GLGC,TRUE
DOCK7,Total Cholesterol,rs1748195,1,63049593,3.68e-537,-0.0634,0.0013,1584210,Graham et al. 2021 GLGC,TRUE
NR1H3,Total Cholesterol,rs11668477,19,11195030,4.91e-902,-0.0974,0.0015,1555980,Graham et al. 2021 GLGC,TRUE
GPAM,Total Cholesterol,rs10787428,10,113935379,5.132e-30,0.0139,0.0012,1575050,Graham et al. 2021 GLGC,TRUE
APOC2,Total Cholesterol,rs2075291,11,116661392,8.819e-11,0.048,0.0074,1201100,Graham et al. 2021 GLGC,TRUE
SH2B3,LDL cholesterol,rs3184504,12,111884608,3.061e-68,-0.0236,0.0013,1441710,Graham et al. 2021 GLGC,TRUE
GCKR,LDL cholesterol,rs780094,2,27741237,8.94e-105,0.0282,0.0013,1492090,Graham et al. 2021 GLGC,TRUE
APOA5,LDL cholesterol,rs662799,11,116663707,4.869e-51,0.0338,0.0023,1484350,Graham et al. 2021 GLGC,TRUE
FADS1,LDL cholesterol,rs174537,11,61552680,1.75e-213,-0.0424,0.0014,1463440,Graham et al. 2021 GLGC,TRUE
FADS2,LDL cholesterol,rs174564,11,61588305,1.06e-215,-0.0423,0.0014,1462230,Graham et al. 2021 GLGC,TRUE
TRIB1,LDL cholesterol,rs6982502,8,126479362,3.52e-380,0.0532,0.0013,1481470,Graham et al. 2021 GLGC,TRUE
PNPLA3,LDL cholesterol,rs738409,22,44324727,3.7e-21,-0.014,0.0015,1482120,Graham et al. 2021 GLGC,TRUE
APOC1,HDL cholesterol,rs4420638,19,45422946,7.85e-383,-0.0681,0.0016,1520640,Graham et al. 2021 GLGC,TRUE
MTTP,HDL cholesterol,rs1800591,4,100495488,4.555e-09,-0.0083,0.0014,1536150,Graham et al. 2021 GLGC,TRUE
PNPLA3,HDL cholesterol,rs738409,22,44324727,1.076e-18,-0.013,0.0015,1500410,Graham et al. 2021 GLGC,TRUE
ANGPTL3,Triglycerides,rs11207997,1,63061906,9.90e-596,-0.0681,0.0013,1519980,Graham et al. 2021 GLGC,TRUE
LMF1,Triglycerides,rs12600110,16,962154,2.88e-21,-0.0124,0.0013,1494490,Graham et al. 2021 GLGC,TRUE
APOA2,Triglycerides,rs12678919,8,19844222,5.80e-1449,-0.1693,0.0021,1507500,Graham et al. 2021 GLGC,TRUE
ADAMTS7,Triglycerides,rs11855284,15,58689187,5.007e-66,0.0275,0.0016,1502690,Graham et al. 2021 GLGC,TRUE
DOCK7,Triglycerides,rs1748195,1,63049593,3.09e-612,-0.0691,0.0013,1513110,Graham et al. 2021 GLGC,TRUE
MADD,Triglycerides,rs11039155,11,47280762,3.79e-31,-0.0219,0.0019,1458260,Graham et al. 2021 GLGC,TRUE
STAB1,Triglycerides,rs13326165,3,52532118,1.001e-22,-0.0155,0.0016,1500940,Graham et al. 2021 GLGC,TRUE
